-- phpMyAdmin SQL Dump
-- version 5.0.2
-- https://www.phpmyadmin.net/
--
-- Hôte : 127.0.0.1:3306
-- Généré le : mer. 17 nov. 2021 à 09:44
-- Version du serveur :  5.7.31
-- Version de PHP : 7.3.21

SET SQL_MODE = "NO_AUTO_VALUE_ON_ZERO";
START TRANSACTION;
SET time_zone = "+00:00";


/*!40101 SET @OLD_CHARACTER_SET_CLIENT=@@CHARACTER_SET_CLIENT */;
/*!40101 SET @OLD_CHARACTER_SET_RESULTS=@@CHARACTER_SET_RESULTS */;
/*!40101 SET @OLD_COLLATION_CONNECTION=@@COLLATION_CONNECTION */;
/*!40101 SET NAMES utf8mb4 */;

--
-- Base de données : `filexio`
--

-- --------------------------------------------------------

--
-- Structure de la table `file`
--

DROP TABLE IF EXISTS `file`;
CREATE TABLE IF NOT EXISTS `file` (
  `id` bigint(20) NOT NULL,
  `ext` varchar(255) DEFAULT NULL,
  `file_size` bigint(20) DEFAULT NULL,
  `is_root` bit(1) NOT NULL,
  `name` varchar(255) DEFAULT NULL,
  `path` varchar(255) DEFAULT NULL,
  `shared_uri` varchar(255) DEFAULT NULL,
  `validity_sharing` date DEFAULT NULL,
  `file_type_id` bigint(20) NOT NULL,
  `parent_folder_id` bigint(20) DEFAULT NULL,
  `user_id` bigint(20) NOT NULL,
  PRIMARY KEY (`id`),
  KEY `FKxd239i29el9tkqnnvdgpeoeb` (`file_type_id`),
  KEY `FK18vw33l2vo8qehu08txcm9mm1` (`parent_folder_id`),
  KEY `FKinph5hu8ryc97hbs75ym9sm7t` (`user_id`)
) ENGINE=InnoDB DEFAULT CHARSET=latin1;

--
-- Déchargement des données de la table `file`
--

INSERT INTO `file` (`id`, `ext`, `file_size`, `is_root`, `name`, `path`, `shared_uri`, `validity_sharing`, `file_type_id`, `parent_folder_id`, `user_id`) VALUES
(1, 'none', 3558990389, b'1', 'kiryukan-AU7kXvsx', NULL, NULL, '2030-10-01', 1, NULL, 2),
(116, 'none', 2026368626, b'0', 'test', 'kiryukan-AU7kXvsx/', '', '2021-11-06', 1, 1, 2),
(129, 'none', 5989, b'0', 'test3', 'kiryukan-AU7kXvsx/test/', '', '2021-11-06', 1, 116, 2),
(130, 'mp3', 3722179, b'0', 'matatomiedocomplete.mp3', 'kiryukan-AU7kXvsx/test/musique/', '', '2021-11-06', 2, 145, 2),
(131, 'wav', 61928600, b'0', '02 - dhwesha-sthoopa.wav', 'kiryukan-AU7kXvsx/test/musique/', '', '2021-11-06', 24, 145, 2),
(136, 'none', 1532621763, b'0', 'monJoliDossier', 'kiryukan-AU7kXvsx/', '', '2021-11-08', 1, 1, 2),
(139, 'mkv', 1960705126, b'0', '01.mkv', 'kiryukan-AU7kXvsx/test/videos/', '', '2021-11-08', 14, 144, 2),
(141, 'png', 6732, b'0', 'folder3.png', 'kiryukan-AU7kXvsx/test/images/', NULL, NULL, 6, 146, 2),
(143, 'png', 5989, b'0', 'folder4.png', 'kiryukan-AU7kXvsx/test/test3/', '', '2021-11-13', 6, 129, 2),
(144, 'none', 1960705126, b'0', 'videos', 'kiryukan-AU7kXvsx/test/', '', '2021-11-13', 1, 116, 2),
(145, 'none', 65650779, b'0', 'musique', 'kiryukan-AU7kXvsx/test/', '', '2021-11-13', 1, 116, 2),
(146, 'none', 6732, b'0', 'images', 'kiryukan-AU7kXvsx/test/', '', '2021-11-14', 1, 116, 2),
(150, 'mkv', 1532621763, b'0', 'Mystère a Saint-Tropez.mkv', 'kiryukan-AU7kXvsx/monJoliDossier/', '', '2021-11-15', 14, 136, 2);

-- --------------------------------------------------------

--
-- Structure de la table `file_type`
--

DROP TABLE IF EXISTS `file_type`;
CREATE TABLE IF NOT EXISTS `file_type` (
  `id` bigint(20) NOT NULL,
  `ext` varchar(255) DEFAULT NULL,
  `type` varchar(255) DEFAULT NULL,
  `icon_filled` text,
  `icon_thin` text,
  `icon_svg` longtext,
  PRIMARY KEY (`id`)
) ENGINE=InnoDB DEFAULT CHARSET=latin1;

--
-- Déchargement des données de la table `file_type`
--

INSERT INTO `file_type` (`id`, `ext`, `type`, `icon_filled`, `icon_thin`, `icon_svg`) VALUES
(1, 'none', 'folder', 'data:image/png;base64,iVBORw0KGgoAAAANSUhEUgAAADIAAAAyCAYAAAAeP4ixAAAABmJLR0QA/wD/AP+gvaeTAAAA5ElEQVRoge3asW3CUBSF4XMpkLJCpqBGyg5ZJw21s0AWYJUwA20aOysgmp8COXJE47xI3Gt0vuqV57f0Kj/JzGYB1sA7MDDPF/CavfsG0M0MmDoBm+ztvwB9QwjAEXjK3v+jMWL0kb0/xgNA5pA/GiTtJe0i4iwtN2TURcSbtPyQ74h4lpYfoogISVplD7FHNb0jB0nbxC0tPiPiRfJlr8ch1TikGodU45BqHFKNQ6pxSDUOqcYh1TikGodU45BqHjJkSFvRrh8P05B9wpD/ut3M9cFAR/tv6nvquW5dJ3w8s0W6AIb6w11xokFWAAAAAElFTkSuQmCC', 'data:image/png;base64,iVBORw0KGgoAAAANSUhEUgAAADIAAAAyCAYAAAAeP4ixAAAABmJLR0QA/wD/AP+gvaeTAAABIklEQVRoge3asU0DMRjF8c8IBYkJ2IImDWEGCrbJAhBSUTEAzMIEVAzAHYwQ0fwp4oCTOyQbLvg79H5V5NjSe5EvRb6YiUgWYAIsgZY8LXBZO3cHcJNZIPUOTGtn3wI0Mdwsc/9t3P8MHO87X7bNR1yw/wh4isfu9pmtSGmReOYUWP3gSv5WAyyAySBF4rkLvq7lX7serEgNwHmM2/S9OZoiZt28BzXDDOlwdwF4NbOTCllKvO0uhM2LMV2rVAghbC0k3wRnlTJlA2bfPtN62J1QEW9UxBsV8UZFvFERb1TEGxXxRkW8URFvVMQbFfFGRbz5l0Vas/UQpVKWbEnGz0FPOlZ4MLO5mT2O6Cfg+84K6z8MLKg3DyzxAlzRNwwVkV4fqgTDgpBHIFgAAAAASUVORK5CYII=', '<svg xmlns=\"http://www.w3.org/2000/svg\" xmlns:xlink=\"http://www.w3.org/1999/xlink\" version=\"1.1\" width=\"25\" height=\"25\" viewBox=\"0 0 256 256\" xml:space=\"preserve\">\r\n<desc>Created with Fabric.js 1.7.22</desc>\r\n<defs>\r\n</defs>\r\n<g transform=\"translate(128 128) scale(0.72 0.72)\" style=\"\">\r\n	<g style=\"stroke: none; stroke-width: 0; stroke-dasharray: none; stroke-linecap: butt; stroke-linejoin: miter; stroke-miterlimit: 10; fill: none; fill-rule: nonzero; opacity: 1;\" transform=\"translate(-175.05 -175.05) scale(3.89 3.89)\" >\r\n	<path d=\"M 84.312 22.694 h -0.335 c -0.037 -3.108 -2.573 -5.625 -5.689 -5.625 H 50.062 c -0.709 0 -1.403 -0.288 -1.904 -0.789 l -8.645 -8.645 c -1.075 -1.075 -2.505 -1.667 -4.025 -1.667 H 5.693 C 2.554 5.968 0 8.522 0 11.661 v 56.344 v 8.649 v 2.867 c 0 2.486 2.023 4.51 4.51 4.51 h 79.801 c 3.137 0 5.688 -2.552 5.688 -5.688 V 28.383 C 90 25.246 87.448 22.694 84.312 22.694 z M 6.02 28.383 v 51.139 c 0 0.832 -0.677 1.51 -1.51 1.51 S 3 80.354 3 79.521 v -2.867 v -8.649 V 11.661 c 0 -1.485 1.208 -2.693 2.693 -2.693 h 29.794 c 0.719 0 1.396 0.28 1.904 0.789 l 8.645 8.645 c 1.06 1.06 2.526 1.667 4.025 1.667 h 28.226 c 1.461 0 2.649 1.172 2.686 2.625 H 11.708 C 8.572 22.694 6.02 25.246 6.02 28.383 z M 87 78.344 c 0 1.481 -1.206 2.688 -2.688 2.688 H 8.76 c 0.168 -0.473 0.26 -0.98 0.26 -1.51 V 28.383 c 0 -1.482 1.206 -2.688 2.688 -2.688 h 72.603 c 1.482 0 2.688 1.206 2.688 2.688 V 78.344 z\" style=\"stroke: none; stroke-width: 1; stroke-dasharray: none; stroke-linecap: butt; stroke-linejoin: miter; stroke-miterlimit: 10; fill: rgb(255,255,255); fill-rule: nonzero; opacity: 1;\" transform=\" matrix(1 0 0 1 0 0) \" stroke-linecap=\"round\" />\r\n</g>\r\n</g>\r\n</svg>'),
(2, 'mp3', 'audio', 'data:image/png;base64,iVBORw0KGgoAAAANSUhEUgAAADIAAAAyCAYAAAAeP4ixAAAABmJLR0QA/wD/AP+gvaeTAAAC5ElEQVRoge2YzatVZRTGfysUJD/Lr0QoQ7IGdyAIkoIDcRLoRHDguCAaWf9CGIT/gCANmtXgRqk4CPEDPzBJQRG/QC83b0nSGakhGFd/Ds46eKRzzzmevfdtJ/uZ7L3Xu87zrGe/77v32gca1AvRb1C1It0jwK6IeFwW4WtlEb0kdgA/qfNmRc1EFZyJk+qCMvn7ilbBqd7L4wl1fpkaM4pWwam+r/6e52fVRWXq9BStilNdo05k6KK6tEytnqJVcapvq7cyfEldVqZeT9GqONW31Gs5dF1dVabmrBnJ+Er1Sg7fVFdXLloVp/qmeiFTJtV3KxetilNdop7PtDvq2spFq+JUF6vnMnVKfa9y0ao41fnq8Uy/p471yx+qaYyIvnkvgwI35q+IWDnT4P/JSN865oxKOipGuSnDmP+v2vjS0RipGxojdUOhp5b6BbAZOBARxzN2AHgD+Dwi/lS/BNbkTyaBbyLiru2vwm2Zey4ibhWpZVChg/qinzNlf16v8Dk2ZKylPlGvqk/V37IF+aor9x91+6h1QPGl1fmi25zHTV1jS7rOH0TEGLAfeAf4CPg2zz8F5gIfFymk6AtxKdACxtSFtI20gOW8aKSDyTzOi4gJAHUqY1M98svBEEvrvjqeaVvVo+oPef1J5rTUh+pO9bb6uNOaq4fVafVXdfGodUCBpaXOBRYCl4H7wEZgPXAmU7pnZAHwI7AM+KwzG8BV2rO0Adg9ai3DFDvjnbD9na26Rz2m/pKben3G92ZeS32gfqD+aynnxn+k/jFKHR0U2eydjf4QOA18CFwB7mS8e0aeRMTNiJjuKq7TPAYgAzrxQSiy2TtG/qZtBOAUbWPQe7N346DtP+XWAa8DXxeopZCRR8A4MAHcAPYB4xExrX5He3YADtN75s8DW4CzwCHg+wK19Mcwa3M2MBsvxNqgMVI3NEbqhsZI3dAYqRsaI3XDK2NkqO63Do3jILwyM9KgbngGFknacqyldx4AAAAASUVORK5CYII=', 'data:image/png;base64,iVBORw0KGgoAAAANSUhEUgAAADIAAAAyCAYAAAAeP4ixAAAABmJLR0QA/wD/AP+gvaeTAAAC5ElEQVRoge2YzatVZRTGfysUJD/Lr0QoQ7IGdyAIkoIDcRLoRHDguCAaWf9CGIT/gCANmtXgRqk4CPEDPzBJQRG/QC83b0nSGakhGFd/Ds46eKRzzzmevfdtJ/uZ7L3Xu87zrGe/77v32gca1AvRb1C1It0jwK6IeFwW4WtlEb0kdgA/qfNmRc1EFZyJk+qCMvn7ilbBqd7L4wl1fpkaM4pWwam+r/6e52fVRWXq9BStilNdo05k6KK6tEytnqJVcapvq7cyfEldVqZeT9GqONW31Gs5dF1dVabmrBnJ+Er1Sg7fVFdXLloVp/qmeiFTJtV3KxetilNdop7PtDvq2spFq+JUF6vnMnVKfa9y0ao41fnq8Uy/p471yx+qaYyIvnkvgwI35q+IWDnT4P/JSN865oxKOipGuSnDmP+v2vjS0RipGxojdUOhp5b6BbAZOBARxzN2AHgD+Dwi/lS/BNbkTyaBbyLiru2vwm2Zey4ibhWpZVChg/qinzNlf16v8Dk2ZKylPlGvqk/V37IF+aor9x91+6h1QPGl1fmi25zHTV1jS7rOH0TEGLAfeAf4CPg2zz8F5gIfFymk6AtxKdACxtSFtI20gOW8aKSDyTzOi4gJAHUqY1M98svBEEvrvjqeaVvVo+oPef1J5rTUh+pO9bb6uNOaq4fVafVXdfGodUCBpaXOBRYCl4H7wEZgPXAmU7pnZAHwI7AM+KwzG8BV2rO0Adg9ai3DFDvjnbD9na26Rz2m/pKben3G92ZeS32gfqD+aynnxn+k/jFKHR0U2eydjf4QOA18CFwB7mS8e0aeRMTNiJjuKq7TPAYgAzrxQSiy2TtG/qZtBOAUbWPQe7N346DtP+XWAa8DXxeopZCRR8A4MAHcAPYB4xExrX5He3YADtN75s8DW4CzwCHg+wK19Mcwa3M2MBsvxNqgMVI3NEbqhsZI3dAYqRsaI3XDK2NkqO63Do3jILwyM9KgbngGFknacqyldx4AAAAASUVORK5CYII=', '<svg xmlns=\"http://www.w3.org/2000/svg\" xmlns:xlink=\"http://www.w3.org/1999/xlink\" version=\"1.1\" width=\"25\" height=\"25\" viewBox=\"0 0 256 256\" xml:space=\"preserve\">\r\n<desc>Created with Fabric.js 1.7.22</desc>\r\n<defs>\r\n</defs>\r\n<g transform=\"translate(128 128) scale(0.72 0.72)\" style=\"\">\r\n	<g style=\"stroke: none; stroke-width: 0; stroke-dasharray: none; stroke-linecap: butt; stroke-linejoin: miter; stroke-miterlimit: 10; fill: none; fill-rule: nonzero; opacity: 1;\" transform=\"translate(-175.05 -175.05) scale(3.89 3.89)\" >\r\n	<path d=\"M 80.163 0 H 9.837 C 4.404 0 0 4.404 0 9.837 v 70.325 C 0 85.596 4.404 90 9.837 90 h 70.325 C 85.596 90 90 85.596 90 80.163 V 9.837 C 90 4.404 85.596 0 80.163 0 z M 59.578 45.15 c -0.128 0.609 -0.618 1.076 -1.232 1.173 c -0.079 0.013 -0.158 0.019 -0.235 0.019 c -0.531 0 -1.03 -0.282 -1.301 -0.752 c -1.969 -3.427 -4.074 -5.511 -6.37 -6.298 v 21.928 h -0.001 c 0.011 4.291 -3.949 8.147 -9.251 8.808 c -0.527 0.065 -1.048 0.098 -1.562 0.098 c -4.991 0 -9.202 -3.009 -9.724 -7.195 c -0.288 -2.306 0.557 -4.589 2.379 -6.43 c 1.727 -1.745 4.148 -2.889 6.819 -3.222 c 2.299 -0.286 4.497 0.081 6.34 0.919 V 37.537 v -0.75 V 21.375 c 0 -0.829 0.672 -1.5 1.5 -1.5 s 1.5 0.671 1.5 1.5 c 0 4.336 2.222 5.82 5.034 7.699 C 57.178 31.549 61.787 34.628 59.578 45.15 z\" style=\"stroke: none; stroke-width: 1; stroke-dasharray: none; stroke-linecap: butt; stroke-linejoin: miter; stroke-miterlimit: 10; fill: rgb(255,255,255); fill-rule: nonzero; opacity: 1;\" transform=\" matrix(1 0 0 1 0 0) \" stroke-linecap=\"round\" />\r\n</g>\r\n</g>\r\n</svg>'),
(3, 'mp4', 'video', 'data:image/png;base64,iVBORw0KGgoAAAANSUhEUgAAADIAAAAyCAYAAAAeP4ixAAAABmJLR0QA/wD/AP+gvaeTAAAA/0lEQVRoge2ZQQrCQAxF3xcXeg3XnkDwBup1XHsDPYtHUK/hOdzFjQWpRUEnbRzyoFBCmeQxmRJaSJLkHQIwswuwGLiWbzlLWjYiNnQ1vyBJ43aguW/knmPR4s8bMHpn+k9UI1LNGalmR1IkGikSjRSJRopEw0tkA1yd1u7ERUTSEZgDO+DmkeMlJ5SftVqj9gw4AKuSOdr53M+IpKukNc7t1tth924399bqonS7VTXGjz8/Ug4zmwLbxzUpuXZvIma2BvbAzGN9d5E+Xr/gKOLZRl24iHi3URf5FSUaKRKNFIlGikQjRaKRv96iUY1IdUPjedBKfuM0dAFJ8g/cAdPRgw7vge3OAAAAAElFTkSuQmCC', 'data:image/png;base64,iVBORw0KGgoAAAANSUhEUgAAADIAAAAyCAYAAAAeP4ixAAAABmJLR0QA/wD/AP+gvaeTAAABNklEQVRoge2ZsWrDMBCGTyGh7xACeY9CIdAlb9Mtc56lY9cMHTs0eYCWTn2MtJ2/LDYoITKhPlvScd9i+wR393M6y5ZEHMfpIoiIAAcRuc+cy3/ZhxAeWiHkzqYPIYQwvTS096242FaaPS7ApEtpTZgRYqZHzFQk2ew14M1eMi6kNFxIaagLAV6BT+BR2/ctwdFa3TlnByw1/HbFShsUnAO/zfUH2AAzDf/XYqUNCs6BOfAcPX8Da40Yl7HSBkXnwAr4GmK6jSqksc2AJ+DYDP8BW+BONdbQQqKxBfASVWevFSv3OqL7H+RT6wbn1Tc7Vl6/GFoQVadRV6y0oZ/zN+CDET4aBxUyJnHeudcRNVxIabiQ0jAj5Gzvt8ZXcIvNivjRWwGYEWLu6K3XJkBm3nMn4Dg1cAL6+m3BcEHPpwAAAABJRU5ErkJggg==', '<svg xmlns=\"http://www.w3.org/2000/svg\" xmlns:xlink=\"http://www.w3.org/1999/xlink\" version=\"1.1\" width=\"25\" height=\"25\" viewBox=\"0 0 256 256\" xml:space=\"preserve\">\r\n<desc>Created with Fabric.js 1.7.22</desc>\r\n<defs>\r\n</defs>\r\n<g transform=\"translate(128 128) scale(0.72 0.72)\" style=\"\">\r\n	<g style=\"stroke: none; stroke-width: 0; stroke-dasharray: none; stroke-linecap: butt; stroke-linejoin: miter; stroke-miterlimit: 10; fill: none; fill-rule: nonzero; opacity: 1;\" transform=\"translate(-175.05 -175.05) scale(3.89 3.89)\" >\r\n	<path d=\"M 87.788 9.121 H 46.643 h -7.289 H 2.212 C 0.991 9.121 0 10.112 0 11.334 v 21.545 v 45.788 c 0 1.222 0.991 2.212 2.212 2.212 h 37.141 h 7.289 h 41.145 c 1.222 0 2.212 -0.991 2.212 -2.212 V 32.879 V 11.334 C 90 10.112 89.009 9.121 87.788 9.121 z M 41.392 14.557 c 0 -0.63 0.511 -1.141 1.141 -1.141 h 4.11 h 1.023 c 0.63 0 1.141 0.511 1.141 1.141 v 5.133 c 0 0.63 -0.511 1.141 -1.141 1.141 h -1.023 h -4.11 c -0.63 0 -1.141 -0.511 -1.141 -1.141 V 14.557 z M 29.168 14.557 c 0 -0.63 0.511 -1.141 1.141 -1.141 h 5.133 c 0.63 0 1.141 0.511 1.141 1.141 v 5.133 c 0 0.63 -0.511 1.141 -1.141 1.141 h -5.133 c -0.63 0 -1.141 -0.511 -1.141 -1.141 V 14.557 z M 12.53 75.443 c 0 0.63 -0.511 1.141 -1.141 1.141 H 6.256 c -0.63 0 -1.141 -0.511 -1.141 -1.141 V 70.31 c 0 -0.63 0.511 -1.141 1.141 -1.141 h 5.133 c 0.63 0 1.141 0.511 1.141 1.141 V 75.443 z M 12.53 19.69 c 0 0.63 -0.511 1.141 -1.141 1.141 H 6.256 c -0.63 0 -1.141 -0.511 -1.141 -1.141 v -5.133 c 0 -0.63 0.511 -1.141 1.141 -1.141 h 5.133 c 0.63 0 1.141 0.511 1.141 1.141 V 19.69 z M 24.556 75.443 c 0 0.63 -0.511 1.141 -1.141 1.141 h -5.133 c -0.63 0 -1.141 -0.511 -1.141 -1.141 V 70.31 c 0 -0.63 0.511 -1.141 1.141 -1.141 h 5.133 c 0.63 0 1.141 0.511 1.141 1.141 V 75.443 z M 24.556 19.69 c 0 0.63 -0.511 1.141 -1.141 1.141 h -5.133 c -0.63 0 -1.141 -0.511 -1.141 -1.141 v -5.133 c 0 -0.63 0.511 -1.141 1.141 -1.141 h 5.133 c 0.63 0 1.141 0.511 1.141 1.141 V 19.69 z M 36.582 75.443 c 0 0.63 -0.511 1.141 -1.141 1.141 h -5.133 c -0.63 0 -1.141 -0.511 -1.141 -1.141 V 70.31 c 0 -0.63 0.511 -1.141 1.141 -1.141 h 5.133 c 0.63 0 1.141 0.511 1.141 1.141 V 75.443 z M 37.339 57.272 c -0.979 0.565 -2.204 -0.141 -2.204 -1.272 V 34 c 0 -1.131 1.224 -1.838 2.204 -1.272 l 19.052 11 c 0.979 0.565 0.979 1.979 0 2.545 L 37.339 57.272 z M 48.806 75.443 c 0 0.63 -0.511 1.141 -1.141 1.141 h -1.023 h -4.11 c -0.63 0 -1.141 -0.511 -1.141 -1.141 V 70.31 c 0 -0.63 0.511 -1.141 1.141 -1.141 h 4.11 h 1.023 c 0.63 0 1.141 0.511 1.141 1.141 V 75.443 z M 60.832 75.443 c 0 0.63 -0.511 1.141 -1.141 1.141 h -5.133 c -0.63 0 -1.141 -0.511 -1.141 -1.141 V 70.31 c 0 -0.63 0.511 -1.141 1.141 -1.141 h 5.133 c 0.63 0 1.141 0.511 1.141 1.141 V 75.443 z M 60.832 19.69 c 0 0.63 -0.511 1.141 -1.141 1.141 h -5.133 c -0.63 0 -1.141 -0.511 -1.141 -1.141 v -5.133 c 0 -0.63 0.511 -1.141 1.141 -1.141 h 5.133 c 0.63 0 1.141 0.511 1.141 1.141 V 19.69 z M 72.859 75.443 c 0 0.63 -0.511 1.141 -1.141 1.141 h -5.133 c -0.63 0 -1.141 -0.511 -1.141 -1.141 V 70.31 c 0 -0.63 0.511 -1.141 1.141 -1.141 h 5.133 c 0.63 0 1.141 0.511 1.141 1.141 V 75.443 z M 72.859 19.69 c 0 0.63 -0.511 1.141 -1.141 1.141 h -5.133 c -0.63 0 -1.141 -0.511 -1.141 -1.141 v -5.133 c 0 -0.63 0.511 -1.141 1.141 -1.141 h 5.133 c 0.63 0 1.141 0.511 1.141 1.141 V 19.69 z M 84.885 75.443 c 0 0.63 -0.511 1.141 -1.141 1.141 h -5.133 c -0.63 0 -1.141 -0.511 -1.141 -1.141 V 70.31 c 0 -0.63 0.511 -1.141 1.141 -1.141 h 5.133 c 0.63 0 1.141 0.511 1.141 1.141 V 75.443 z M 84.885 19.69 c 0 0.63 -0.511 1.141 -1.141 1.141 h -5.133 c -0.63 0 -1.141 -0.511 -1.141 -1.141 v -5.133 c 0 -0.63 0.511 -1.141 1.141 -1.141 h 5.133 c 0.63 0 1.141 0.511 1.141 1.141 V 19.69 z\" style=\"stroke: none; stroke-width: 1; stroke-dasharray: none; stroke-linecap: butt; stroke-linejoin: miter; stroke-miterlimit: 10; fill: rgb(255,255,255); fill-rule: nonzero; opacity: 1;\" transform=\" matrix(1 0 0 1 0 0) \" stroke-linecap=\"round\" />\r\n</g>\r\n</g>\r\n</svg>'),
(4, 'txt', 'fichier', 'data:image/png;base64,iVBORw0KGgoAAAANSUhEUgAAADIAAAAyCAYAAAAeP4ixAAAABmJLR0QA/wD/AP+gvaeTAAAA4klEQVRoge3ZwQnCQBCF4RmxBhE70DLs3B6ExQ7s4nmZgyCG7DKzecr7L8Zs2M2XXEJiprjypUEAKFy7mdnV3Z8Zk+0yJhnsbGY3AKfylRBVzRs9yjETIO3t95i9zseCVfMCOAC4l9+Zakhs12NmQOJ/LWYWJPbVYWZCYn8NZjYkxvIxW0BiPBezFSSO6cKsetZy98Xjehu8OM3dL98GfwmyeB778dMZr/fCrIFv+fSbmiBsCcKWIGwJwpYgbAnCliBsCcKWIGwJwpYgbAnCliBsCcLWqrfxFR97svubO6LYegEH5GrAFMUJsQAAAABJRU5ErkJggg==', 'data:image/png;base64,iVBORw0KGgoAAAANSUhEUgAAADIAAAAyCAYAAAAeP4ixAAAABmJLR0QA/wD/AP+gvaeTAAAA4klEQVRoge3ZwQnCQBCF4RmxBhE70DLs3B6ExQ7s4nmZgyCG7DKzecr7L8Zs2M2XXEJiprjypUEAKFy7mdnV3Z8Zk+0yJhnsbGY3AKfylRBVzRs9yjETIO3t95i9zseCVfMCOAC4l9+Zakhs12NmQOJ/LWYWJPbVYWZCYn8NZjYkxvIxW0BiPBezFSSO6cKsetZy98Xjehu8OM3dL98GfwmyeB778dMZr/fCrIFv+fSbmiBsCcKWIGwJwpYgbAnCliBsCcKWIGwJwpYgbAnCliBsCcLWqrfxFR97svubO6LYegEH5GrAFMUJsQAAAABJRU5ErkJggg==', '<svg xmlns=\"http://www.w3.org/2000/svg\" xmlns:xlink=\"http://www.w3.org/1999/xlink\" version=\"1.1\" width=\"25\" height=\"25\" viewBox=\"0 0 256 256\" xml:space=\"preserve\">\r\n<desc>Created with Fabric.js 1.7.22</desc>\r\n<defs>\r\n</defs>\r\n<g transform=\"translate(128 128) scale(0.72 0.72)\" style=\"\">\r\n	<g style=\"stroke: none; stroke-width: 0; stroke-dasharray: none; stroke-linecap: butt; stroke-linejoin: miter; stroke-miterlimit: 10; fill: none; fill-rule: nonzero; opacity: 1;\" transform=\"translate(-175.05 -175.05) scale(3.89 3.89)\" >\r\n	<path d=\"M 77.474 17.28 L 61.526 1.332 C 60.668 0.473 59.525 0 58.311 0 H 15.742 c -2.508 0 -4.548 2.04 -4.548 4.548 v 80.904 c 0 2.508 2.04 4.548 4.548 4.548 h 58.516 c 2.508 0 4.549 -2.04 4.549 -4.548 V 20.496 C 78.807 19.281 78.333 18.138 77.474 17.28 z M 61.073 5.121 l 12.611 12.612 H 62.35 c -0.704 0 -1.276 -0.573 -1.276 -1.277 V 5.121 z M 74.258 87 H 15.742 c -0.854 0 -1.548 -0.694 -1.548 -1.548 V 4.548 C 14.194 3.694 14.888 3 15.742 3 h 42.332 v 13.456 c 0 2.358 1.918 4.277 4.276 4.277 h 13.457 v 64.719 C 75.807 86.306 75.112 87 74.258 87 z\" style=\"stroke: none; stroke-width: 1; stroke-dasharray: none; stroke-linecap: butt; stroke-linejoin: miter; stroke-miterlimit: 10; fill: rgb(255,255,255); fill-rule: nonzero; opacity: 1;\" transform=\" matrix(1 0 0 1 0 0) \" stroke-linecap=\"round\" />\r\n	<path d=\"M 68.193 33.319 H 41.808 c -0.829 0 -1.5 -0.671 -1.5 -1.5 s 0.671 -1.5 1.5 -1.5 h 26.385 c 0.828 0 1.5 0.671 1.5 1.5 S 69.021 33.319 68.193 33.319 z\" style=\"stroke: none; stroke-width: 1; stroke-dasharray: none; stroke-linecap: butt; stroke-linejoin: miter; stroke-miterlimit: 10; fill: rgb(255,255,255); fill-rule: nonzero; opacity: 1;\" transform=\" matrix(1 0 0 1 0 0) \" stroke-linecap=\"round\" />\r\n	<path d=\"M 34.456 33.319 H 21.807 c -0.829 0 -1.5 -0.671 -1.5 -1.5 s 0.671 -1.5 1.5 -1.5 h 12.649 c 0.829 0 1.5 0.671 1.5 1.5 S 35.285 33.319 34.456 33.319 z\" style=\"stroke: none; stroke-width: 1; stroke-dasharray: none; stroke-linecap: butt; stroke-linejoin: miter; stroke-miterlimit: 10; fill: rgb(255,255,255); fill-rule: nonzero; opacity: 1;\" transform=\" matrix(1 0 0 1 0 0) \" stroke-linecap=\"round\" />\r\n	<linearGradient id=\"SVGID_1\" gradientUnits=\"userSpaceOnUse\" x1=\"21.8064\" y1=\"19.2332\" x2=\"42.2984\" y2=\"19.2332\">\r\n<stop offset=\"0%\" style=\"stop-color:rgb(255,255,255);stop-opacity: 1\"/>\r\n<stop offset=\"100%\" style=\"stop-color:rgb(0,0,0);stop-opacity: 1\"/>\r\n</linearGradient>\r\n<line x1=\"-10.246\" y1=\"0\" x2=\"10.246\" y2=\"0\" style=\"stroke: none; stroke-width: 1; stroke-dasharray: none; stroke-linecap: butt; stroke-linejoin: miter; stroke-miterlimit: 10; fill: url(#SVGID_1); fill-rule: nonzero; opacity: 1;\" transform=\" matrix(1 0 0 1 0 0) \"/>\r\n	<path d=\"M 42.298 20.733 H 21.807 c -0.829 0 -1.5 -0.671 -1.5 -1.5 s 0.671 -1.5 1.5 -1.5 h 20.492 c 0.829 0 1.5 0.671 1.5 1.5 S 43.127 20.733 42.298 20.733 z\" style=\"stroke: none; stroke-width: 1; stroke-dasharray: none; stroke-linecap: butt; stroke-linejoin: miter; stroke-miterlimit: 10; fill: rgb(255,255,255); fill-rule: nonzero; opacity: 1;\" transform=\" matrix(1 0 0 1 0 0) \" stroke-linecap=\"round\" />\r\n	<path d=\"M 68.193 44.319 H 21.807 c -0.829 0 -1.5 -0.671 -1.5 -1.5 s 0.671 -1.5 1.5 -1.5 h 46.387 c 0.828 0 1.5 0.671 1.5 1.5 S 69.021 44.319 68.193 44.319 z\" style=\"stroke: none; stroke-width: 1; stroke-dasharray: none; stroke-linecap: butt; stroke-linejoin: miter; stroke-miterlimit: 10; fill: rgb(255,255,255); fill-rule: nonzero; opacity: 1;\" transform=\" matrix(1 0 0 1 0 0) \" stroke-linecap=\"round\" />\r\n	<path d=\"M 48.191 55.319 H 21.807 c -0.829 0 -1.5 -0.672 -1.5 -1.5 s 0.671 -1.5 1.5 -1.5 h 26.385 c 0.828 0 1.5 0.672 1.5 1.5 S 49.02 55.319 48.191 55.319 z\" style=\"stroke: none; stroke-width: 1; stroke-dasharray: none; stroke-linecap: butt; stroke-linejoin: miter; stroke-miterlimit: 10; fill: rgb(255,255,255); fill-rule: nonzero; opacity: 1;\" transform=\" matrix(1 0 0 1 0 0) \" stroke-linecap=\"round\" />\r\n	<path d=\"M 68.193 55.319 H 55.544 c -0.828 0 -1.5 -0.672 -1.5 -1.5 s 0.672 -1.5 1.5 -1.5 h 12.649 c 0.828 0 1.5 0.672 1.5 1.5 S 69.021 55.319 68.193 55.319 z\" style=\"stroke: none; stroke-width: 1; stroke-dasharray: none; stroke-linecap: butt; stroke-linejoin: miter; stroke-miterlimit: 10; fill: rgb(255,255,255); fill-rule: nonzero; opacity: 1;\" transform=\" matrix(1 0 0 1 0 0) \" stroke-linecap=\"round\" />\r\n	<path d=\"M 68.193 66.319 H 21.807 c -0.829 0 -1.5 -0.672 -1.5 -1.5 s 0.671 -1.5 1.5 -1.5 h 46.387 c 0.828 0 1.5 0.672 1.5 1.5 S 69.021 66.319 68.193 66.319 z\" style=\"stroke: none; stroke-width: 1; stroke-dasharray: none; stroke-linecap: butt; stroke-linejoin: miter; stroke-miterlimit: 10; fill: rgb(255,255,255); fill-rule: nonzero; opacity: 1;\" transform=\" matrix(1 0 0 1 0 0) \" stroke-linecap=\"round\" />\r\n	<path d=\"M 68.193 77.319 H 55.544 c -0.828 0 -1.5 -0.672 -1.5 -1.5 s 0.672 -1.5 1.5 -1.5 h 12.649 c 0.828 0 1.5 0.672 1.5 1.5 S 69.021 77.319 68.193 77.319 z\" style=\"stroke: none; stroke-width: 1; stroke-dasharray: none; stroke-linecap: butt; stroke-linejoin: miter; stroke-miterlimit: 10; fill: rgb(255,255,255); fill-rule: nonzero; opacity: 1;\" transform=\" matrix(1 0 0 1 0 0) \" stroke-linecap=\"round\" />\r\n</g>\r\n</g>\r\n</svg>'),
(5, 'jpeg', 'image', '', '', '<svg xmlns=\"http://www.w3.org/2000/svg\" xmlns:xlink=\"http://www.w3.org/1999/xlink\" version=\"1.1\" width=\"25\" height=\"25\" viewBox=\"0 0 256 256\" xml:space=\"preserve\">\r\n<desc>Created with Fabric.js 1.7.22</desc>\r\n<defs>\r\n</defs>\r\n<g transform=\"translate(128 128) scale(0.72 0.72)\" style=\"\">\r\n	<g style=\"stroke: none; stroke-width: 0; stroke-dasharray: none; stroke-linecap: butt; stroke-linejoin: miter; stroke-miterlimit: 10; fill: none; fill-rule: nonzero; opacity: 1;\" transform=\"translate(-175.05 -175.05) scale(3.89 3.89)\" >\r\n	<path d=\"M 75.877 79.794 H 5.966 C 2.676 79.794 0 77.117 0 73.827 V 24.329 c 0 -3.29 2.676 -5.967 5.966 -5.967 h 69.911 c 3.29 0 5.967 2.677 5.967 5.967 v 49.498 C 81.844 77.117 79.167 79.794 75.877 79.794 z M 5.966 22.362 C 4.882 22.362 4 23.245 4 24.329 v 49.498 c 0 1.085 0.882 1.967 1.966 1.967 h 69.911 c 1.085 0 1.967 -0.882 1.967 -1.967 V 24.329 c 0 -1.084 -0.882 -1.967 -1.967 -1.967 H 5.966 z\" style=\"stroke: none; stroke-width: 1; stroke-dasharray: none; stroke-linecap: butt; stroke-linejoin: miter; stroke-miterlimit: 10; fill: rgb(255,255,255); fill-rule: nonzero; opacity: 1;\" transform=\" matrix(1 0 0 1 0 0) \" stroke-linecap=\"round\" />\r\n	<path d=\"M 75.877 79.794 H 5.966 C 2.676 79.794 0 77.117 0 73.827 c 0 -0.47 0.166 -0.925 0.468 -1.285 l 14.707 -17.536 c 1.629 -1.942 4.016 -3.104 6.55 -3.188 c 2.529 -0.07 4.993 0.917 6.748 2.748 l 0.928 0.968 c 0.978 1.021 2.341 1.58 3.76 1.517 c 1.412 -0.057 2.734 -0.717 3.627 -1.812 l 7.434 -9.108 c 1.662 -2.037 4.124 -3.234 6.751 -3.284 c 2.669 -0.075 5.135 1.052 6.873 3.022 l 23.497 26.636 c 0.322 0.365 0.5 0.836 0.5 1.323 C 81.844 77.117 79.167 79.794 75.877 79.794 z\" style=\"stroke: none; stroke-width: 1; stroke-dasharray: none; stroke-linecap: butt; stroke-linejoin: miter; stroke-miterlimit: 10; fill: rgb(255,255,255); fill-rule: nonzero; opacity: 1;\" transform=\" matrix(1 0 0 1 0 0) \" stroke-linecap=\"round\" />\r\n	<path d=\"M 31.594 45.879 c -4.49 0 -8.142 -3.652 -8.142 -8.142 c 0 -4.489 3.652 -8.142 8.142 -8.142 c 4.489 0 8.142 3.652 8.142 8.142 C 39.736 42.227 36.083 45.879 31.594 45.879 z\" style=\"stroke: none; stroke-width: 1; stroke-dasharray: none; stroke-linecap: butt; stroke-linejoin: miter; stroke-miterlimit: 10; fill: rgb(255,255,255); fill-rule: nonzero; opacity: 1;\" transform=\" matrix(1 0 0 1 0 0) \" stroke-linecap=\"round\" />\r\n	<path d=\"M 88 67.671 c -1.104 0 -2 -0.896 -2 -2 V 16.173 c 0 -1.084 -0.882 -1.967 -1.967 -1.967 h -69.91 c -1.104 0 -2 -0.896 -2 -2 s 0.896 -2 2 -2 h 69.91 c 3.29 0 5.967 2.677 5.967 5.967 v 49.498 C 90 66.775 89.104 67.671 88 67.671 z\" style=\"stroke: none; stroke-width: 1; stroke-dasharray: none; stroke-linecap: butt; stroke-linejoin: miter; stroke-miterlimit: 10; fill: rgb(255,255,255); fill-rule: nonzero; opacity: 1;\" transform=\" matrix(1 0 0 1 0 0) \" stroke-linecap=\"round\" />\r\n</g>\r\n</g>\r\n</svg>'),
(6, 'png', 'image', '', '', '<svg xmlns=\"http://www.w3.org/2000/svg\" xmlns:xlink=\"http://www.w3.org/1999/xlink\" version=\"1.1\" width=\"25\" height=\"25\" viewBox=\"0 0 256 256\" xml:space=\"preserve\">\r\n<desc>Created with Fabric.js 1.7.22</desc>\r\n<defs>\r\n</defs>\r\n<g transform=\"translate(128 128) scale(0.72 0.72)\" style=\"\">\r\n	<g style=\"stroke: none; stroke-width: 0; stroke-dasharray: none; stroke-linecap: butt; stroke-linejoin: miter; stroke-miterlimit: 10; fill: none; fill-rule: nonzero; opacity: 1;\" transform=\"translate(-175.05 -175.05) scale(3.89 3.89)\" >\r\n	<path d=\"M 77.474 17.28 L 61.526 1.332 C 60.668 0.473 59.525 0 58.311 0 H 15.742 c -2.508 0 -4.548 2.04 -4.548 4.548 v 80.904 c 0 2.508 2.04 4.548 4.548 4.548 h 58.516 c 2.508 0 4.549 -2.04 4.549 -4.548 V 20.496 C 78.807 19.281 78.333 18.138 77.474 17.28 z M 61.073 5.121 l 12.611 12.612 H 62.35 c -0.704 0 -1.276 -0.573 -1.276 -1.277 V 5.121 z M 15.742 3 h 42.332 v 13.456 c 0 2.358 1.918 4.277 4.276 4.277 h 13.457 v 33.2 H 14.194 V 4.548 C 14.194 3.694 14.888 3 15.742 3 z M 74.258 87 H 15.742 c -0.854 0 -1.548 -0.694 -1.548 -1.548 V 56.934 h 61.613 v 28.519 C 75.807 86.306 75.112 87 74.258 87 z\" style=\"stroke: none; stroke-width: 1; stroke-dasharray: none; stroke-linecap: butt; stroke-linejoin: miter; stroke-miterlimit: 10; fill: rgb(255,255,255); fill-rule: nonzero; opacity: 1;\" transform=\" matrix(1 0 0 1 0 0) \" stroke-linecap=\"round\" />\r\n	<path d=\"M 31.15 62.719 h -5.944 c -0.829 0 -1.5 0.672 -1.5 1.5 v 9.854 v 6.747 c 0 0.828 0.671 1.5 1.5 1.5 s 1.5 -0.672 1.5 -1.5 v -5.247 h 4.444 c 2.392 0 4.338 -1.946 4.338 -4.339 v -4.177 C 35.488 64.665 33.542 62.719 31.15 62.719 z M 32.488 71.233 c 0 0.738 -0.601 1.339 -1.338 1.339 h -4.444 v -6.854 h 4.444 c 0.738 0 1.338 0.601 1.338 1.338 V 71.233 z\" style=\"stroke: none; stroke-width: 1; stroke-dasharray: none; stroke-linecap: butt; stroke-linejoin: miter; stroke-miterlimit: 10; fill: rgb(255,255,255); fill-rule: nonzero; opacity: 1;\" transform=\" matrix(1 0 0 1 0 0) \" stroke-linecap=\"round\" />\r\n	<path d=\"M 62.699 82.351 h -5.824 c -1.982 0 -3.596 -1.612 -3.596 -3.595 V 66.305 c 0 -1.974 1.606 -3.586 3.58 -3.595 l 5.482 -0.023 c 0.003 0 0.005 0 0.007 0 c 0.825 0 1.496 0.667 1.5 1.493 c 0.004 0.829 -0.665 1.503 -1.493 1.507 l -5.482 0.023 c -0.327 0.001 -0.594 0.269 -0.594 0.595 v 12.451 c 0 0.328 0.268 0.595 0.596 0.595 h 5.824 c 0.328 0 0.595 -0.267 0.595 -0.595 v -5.099 c 0 -0.328 -0.267 -0.595 -0.595 -0.595 h -2.386 c -0.828 0 -1.5 -0.672 -1.5 -1.5 s 0.672 -1.5 1.5 -1.5 h 2.386 c 1.982 0 3.595 1.612 3.595 3.595 v 5.099 C 66.294 80.738 64.682 82.351 62.699 82.351 z\" style=\"stroke: none; stroke-width: 1; stroke-dasharray: none; stroke-linecap: butt; stroke-linejoin: miter; stroke-miterlimit: 10; fill: rgb(255,255,255); fill-rule: nonzero; opacity: 1;\" transform=\" matrix(1 0 0 1 0 0) \" stroke-linecap=\"round\" />\r\n	<path d=\"M 48.53 82.335 c -0.552 0 -1.071 -0.305 -1.333 -0.813 l -5.748 -11.142 v 10.454 c 0 0.828 -0.671 1.5 -1.5 1.5 s -1.5 -0.672 -1.5 -1.5 V 64.202 c 0 -0.692 0.474 -1.294 1.146 -1.458 c 0.674 -0.161 1.37 0.155 1.687 0.771 l 5.748 11.142 V 64.202 c 0 -0.828 0.672 -1.5 1.5 -1.5 s 1.5 0.672 1.5 1.5 v 16.633 c 0 0.692 -0.474 1.294 -1.146 1.458 C 48.766 82.321 48.647 82.335 48.53 82.335 z\" style=\"stroke: none; stroke-width: 1; stroke-dasharray: none; stroke-linecap: butt; stroke-linejoin: miter; stroke-miterlimit: 10; fill: rgb(255,255,255); fill-rule: nonzero; opacity: 1;\" transform=\" matrix(1 0 0 1 0 0) \" stroke-linecap=\"round\" />\r\n</g>\r\n</g>\r\n</svg>'),
(7, 'jpg', 'image', '', '', '<svg xmlns=\"http://www.w3.org/2000/svg\" xmlns:xlink=\"http://www.w3.org/1999/xlink\" version=\"1.1\" width=\"25\" height=\"25\" viewBox=\"0 0 256 256\" xml:space=\"preserve\">\r\n<desc>Created with Fabric.js 1.7.22</desc>\r\n<defs>\r\n</defs>\r\n<g transform=\"translate(128 128) scale(0.72 0.72)\" style=\"\">\r\n	<g style=\"stroke: none; stroke-width: 0; stroke-dasharray: none; stroke-linecap: butt; stroke-linejoin: miter; stroke-miterlimit: 10; fill: none; fill-rule: nonzero; opacity: 1;\" transform=\"translate(-175.05 -175.05) scale(3.89 3.89)\" >\r\n	<path d=\"M 75.877 79.794 H 5.966 C 2.676 79.794 0 77.117 0 73.827 V 24.329 c 0 -3.29 2.676 -5.967 5.966 -5.967 h 69.911 c 3.29 0 5.967 2.677 5.967 5.967 v 49.498 C 81.844 77.117 79.167 79.794 75.877 79.794 z M 5.966 22.362 C 4.882 22.362 4 23.245 4 24.329 v 49.498 c 0 1.085 0.882 1.967 1.966 1.967 h 69.911 c 1.085 0 1.967 -0.882 1.967 -1.967 V 24.329 c 0 -1.084 -0.882 -1.967 -1.967 -1.967 H 5.966 z\" style=\"stroke: none; stroke-width: 1; stroke-dasharray: none; stroke-linecap: butt; stroke-linejoin: miter; stroke-miterlimit: 10; fill: rgb(255,255,255); fill-rule: nonzero; opacity: 1;\" transform=\" matrix(1 0 0 1 0 0) \" stroke-linecap=\"round\" />\r\n	<path d=\"M 75.877 79.794 H 5.966 C 2.676 79.794 0 77.117 0 73.827 c 0 -0.47 0.166 -0.925 0.468 -1.285 l 14.707 -17.536 c 1.629 -1.942 4.016 -3.104 6.55 -3.188 c 2.529 -0.07 4.993 0.917 6.748 2.748 l 0.928 0.968 c 0.978 1.021 2.341 1.58 3.76 1.517 c 1.412 -0.057 2.734 -0.717 3.627 -1.812 l 7.434 -9.108 c 1.662 -2.037 4.124 -3.234 6.751 -3.284 c 2.669 -0.075 5.135 1.052 6.873 3.022 l 23.497 26.636 c 0.322 0.365 0.5 0.836 0.5 1.323 C 81.844 77.117 79.167 79.794 75.877 79.794 z\" style=\"stroke: none; stroke-width: 1; stroke-dasharray: none; stroke-linecap: butt; stroke-linejoin: miter; stroke-miterlimit: 10; fill: rgb(255,255,255); fill-rule: nonzero; opacity: 1;\" transform=\" matrix(1 0 0 1 0 0) \" stroke-linecap=\"round\" />\r\n	<path d=\"M 31.594 45.879 c -4.49 0 -8.142 -3.652 -8.142 -8.142 c 0 -4.489 3.652 -8.142 8.142 -8.142 c 4.489 0 8.142 3.652 8.142 8.142 C 39.736 42.227 36.083 45.879 31.594 45.879 z\" style=\"stroke: none; stroke-width: 1; stroke-dasharray: none; stroke-linecap: butt; stroke-linejoin: miter; stroke-miterlimit: 10; fill: rgb(255,255,255); fill-rule: nonzero; opacity: 1;\" transform=\" matrix(1 0 0 1 0 0) \" stroke-linecap=\"round\" />\r\n	<path d=\"M 88 67.671 c -1.104 0 -2 -0.896 -2 -2 V 16.173 c 0 -1.084 -0.882 -1.967 -1.967 -1.967 h -69.91 c -1.104 0 -2 -0.896 -2 -2 s 0.896 -2 2 -2 h 69.91 c 3.29 0 5.967 2.677 5.967 5.967 v 49.498 C 90 66.775 89.104 67.671 88 67.671 z\" style=\"stroke: none; stroke-width: 1; stroke-dasharray: none; stroke-linecap: butt; stroke-linejoin: miter; stroke-miterlimit: 10; fill: rgb(255,255,255); fill-rule: nonzero; opacity: 1;\" transform=\" matrix(1 0 0 1 0 0) \" stroke-linecap=\"round\" />\r\n</g>\r\n</g>\r\n</svg>'),
(8, 'pdf', 'document', '', '', NULL),
(9, 'bmp', 'image', '', '', '<svg xmlns=\"http://www.w3.org/2000/svg\" xmlns:xlink=\"http://www.w3.org/1999/xlink\" version=\"1.1\" width=\"25\" height=\"25\" viewBox=\"0 0 256 256\" xml:space=\"preserve\">\r\n<desc>Created with Fabric.js 1.7.22</desc>\r\n<defs>\r\n</defs>\r\n<g transform=\"translate(128 128) scale(0.72 0.72)\" style=\"\">\r\n	<g style=\"stroke: none; stroke-width: 0; stroke-dasharray: none; stroke-linecap: butt; stroke-linejoin: miter; stroke-miterlimit: 10; fill: none; fill-rule: nonzero; opacity: 1;\" transform=\"translate(-175.05 -175.05) scale(3.89 3.89)\" >\r\n	<path d=\"M 75.877 79.794 H 5.966 C 2.676 79.794 0 77.117 0 73.827 V 24.329 c 0 -3.29 2.676 -5.967 5.966 -5.967 h 69.911 c 3.29 0 5.967 2.677 5.967 5.967 v 49.498 C 81.844 77.117 79.167 79.794 75.877 79.794 z M 5.966 22.362 C 4.882 22.362 4 23.245 4 24.329 v 49.498 c 0 1.085 0.882 1.967 1.966 1.967 h 69.911 c 1.085 0 1.967 -0.882 1.967 -1.967 V 24.329 c 0 -1.084 -0.882 -1.967 -1.967 -1.967 H 5.966 z\" style=\"stroke: none; stroke-width: 1; stroke-dasharray: none; stroke-linecap: butt; stroke-linejoin: miter; stroke-miterlimit: 10; fill: rgb(255,255,255); fill-rule: nonzero; opacity: 1;\" transform=\" matrix(1 0 0 1 0 0) \" stroke-linecap=\"round\" />\r\n	<path d=\"M 75.877 79.794 H 5.966 C 2.676 79.794 0 77.117 0 73.827 c 0 -0.47 0.166 -0.925 0.468 -1.285 l 14.707 -17.536 c 1.629 -1.942 4.016 -3.104 6.55 -3.188 c 2.529 -0.07 4.993 0.917 6.748 2.748 l 0.928 0.968 c 0.978 1.021 2.341 1.58 3.76 1.517 c 1.412 -0.057 2.734 -0.717 3.627 -1.812 l 7.434 -9.108 c 1.662 -2.037 4.124 -3.234 6.751 -3.284 c 2.669 -0.075 5.135 1.052 6.873 3.022 l 23.497 26.636 c 0.322 0.365 0.5 0.836 0.5 1.323 C 81.844 77.117 79.167 79.794 75.877 79.794 z\" style=\"stroke: none; stroke-width: 1; stroke-dasharray: none; stroke-linecap: butt; stroke-linejoin: miter; stroke-miterlimit: 10; fill: rgb(255,255,255); fill-rule: nonzero; opacity: 1;\" transform=\" matrix(1 0 0 1 0 0) \" stroke-linecap=\"round\" />\r\n	<path d=\"M 31.594 45.879 c -4.49 0 -8.142 -3.652 -8.142 -8.142 c 0 -4.489 3.652 -8.142 8.142 -8.142 c 4.489 0 8.142 3.652 8.142 8.142 C 39.736 42.227 36.083 45.879 31.594 45.879 z\" style=\"stroke: none; stroke-width: 1; stroke-dasharray: none; stroke-linecap: butt; stroke-linejoin: miter; stroke-miterlimit: 10; fill: rgb(255,255,255); fill-rule: nonzero; opacity: 1;\" transform=\" matrix(1 0 0 1 0 0) \" stroke-linecap=\"round\" />\r\n	<path d=\"M 88 67.671 c -1.104 0 -2 -0.896 -2 -2 V 16.173 c 0 -1.084 -0.882 -1.967 -1.967 -1.967 h -69.91 c -1.104 0 -2 -0.896 -2 -2 s 0.896 -2 2 -2 h 69.91 c 3.29 0 5.967 2.677 5.967 5.967 v 49.498 C 90 66.775 89.104 67.671 88 67.671 z\" style=\"stroke: none; stroke-width: 1; stroke-dasharray: none; stroke-linecap: butt; stroke-linejoin: miter; stroke-miterlimit: 10; fill: rgb(255,255,255); fill-rule: nonzero; opacity: 1;\" transform=\" matrix(1 0 0 1 0 0) \" stroke-linecap=\"round\" />\r\n</g>\r\n</g>\r\n</svg>'),
(10, 'gif', 'image', '', '', '<svg xmlns=\"http://www.w3.org/2000/svg\" xmlns:xlink=\"http://www.w3.org/1999/xlink\" version=\"1.1\" width=\"25\" height=\"25\" viewBox=\"0 0 256 256\" xml:space=\"preserve\">\r\n<desc>Created with Fabric.js 1.7.22</desc>\r\n<defs>\r\n</defs>\r\n<g transform=\"translate(128 128) scale(0.72 0.72)\" style=\"\">\r\n	<g style=\"stroke: none; stroke-width: 0; stroke-dasharray: none; stroke-linecap: butt; stroke-linejoin: miter; stroke-miterlimit: 10; fill: none; fill-rule: nonzero; opacity: 1;\" transform=\"translate(-175.05 -175.05) scale(3.89 3.89)\" >\r\n	<path d=\"M 75.877 79.794 H 5.966 C 2.676 79.794 0 77.117 0 73.827 V 24.329 c 0 -3.29 2.676 -5.967 5.966 -5.967 h 69.911 c 3.29 0 5.967 2.677 5.967 5.967 v 49.498 C 81.844 77.117 79.167 79.794 75.877 79.794 z M 5.966 22.362 C 4.882 22.362 4 23.245 4 24.329 v 49.498 c 0 1.085 0.882 1.967 1.966 1.967 h 69.911 c 1.085 0 1.967 -0.882 1.967 -1.967 V 24.329 c 0 -1.084 -0.882 -1.967 -1.967 -1.967 H 5.966 z\" style=\"stroke: none; stroke-width: 1; stroke-dasharray: none; stroke-linecap: butt; stroke-linejoin: miter; stroke-miterlimit: 10; fill: rgb(255,255,255); fill-rule: nonzero; opacity: 1;\" transform=\" matrix(1 0 0 1 0 0) \" stroke-linecap=\"round\" />\r\n	<path d=\"M 75.877 79.794 H 5.966 C 2.676 79.794 0 77.117 0 73.827 c 0 -0.47 0.166 -0.925 0.468 -1.285 l 14.707 -17.536 c 1.629 -1.942 4.016 -3.104 6.55 -3.188 c 2.529 -0.07 4.993 0.917 6.748 2.748 l 0.928 0.968 c 0.978 1.021 2.341 1.58 3.76 1.517 c 1.412 -0.057 2.734 -0.717 3.627 -1.812 l 7.434 -9.108 c 1.662 -2.037 4.124 -3.234 6.751 -3.284 c 2.669 -0.075 5.135 1.052 6.873 3.022 l 23.497 26.636 c 0.322 0.365 0.5 0.836 0.5 1.323 C 81.844 77.117 79.167 79.794 75.877 79.794 z\" style=\"stroke: none; stroke-width: 1; stroke-dasharray: none; stroke-linecap: butt; stroke-linejoin: miter; stroke-miterlimit: 10; fill: rgb(255,255,255); fill-rule: nonzero; opacity: 1;\" transform=\" matrix(1 0 0 1 0 0) \" stroke-linecap=\"round\" />\r\n	<path d=\"M 31.594 45.879 c -4.49 0 -8.142 -3.652 -8.142 -8.142 c 0 -4.489 3.652 -8.142 8.142 -8.142 c 4.489 0 8.142 3.652 8.142 8.142 C 39.736 42.227 36.083 45.879 31.594 45.879 z\" style=\"stroke: none; stroke-width: 1; stroke-dasharray: none; stroke-linecap: butt; stroke-linejoin: miter; stroke-miterlimit: 10; fill: rgb(255,255,255); fill-rule: nonzero; opacity: 1;\" transform=\" matrix(1 0 0 1 0 0) \" stroke-linecap=\"round\" />\r\n	<path d=\"M 88 67.671 c -1.104 0 -2 -0.896 -2 -2 V 16.173 c 0 -1.084 -0.882 -1.967 -1.967 -1.967 h -69.91 c -1.104 0 -2 -0.896 -2 -2 s 0.896 -2 2 -2 h 69.91 c 3.29 0 5.967 2.677 5.967 5.967 v 49.498 C 90 66.775 89.104 67.671 88 67.671 z\" style=\"stroke: none; stroke-width: 1; stroke-dasharray: none; stroke-linecap: butt; stroke-linejoin: miter; stroke-miterlimit: 10; fill: rgb(255,255,255); fill-rule: nonzero; opacity: 1;\" transform=\" matrix(1 0 0 1 0 0) \" stroke-linecap=\"round\" />\r\n</g>\r\n</g>\r\n</svg>'),
(11, 'tiff', 'image', '', '', '<svg xmlns=\"http://www.w3.org/2000/svg\" xmlns:xlink=\"http://www.w3.org/1999/xlink\" version=\"1.1\" width=\"25\" height=\"25\" viewBox=\"0 0 256 256\" xml:space=\"preserve\">\r\n<desc>Created with Fabric.js 1.7.22</desc>\r\n<defs>\r\n</defs>\r\n<g transform=\"translate(128 128) scale(0.72 0.72)\" style=\"\">\r\n	<g style=\"stroke: none; stroke-width: 0; stroke-dasharray: none; stroke-linecap: butt; stroke-linejoin: miter; stroke-miterlimit: 10; fill: none; fill-rule: nonzero; opacity: 1;\" transform=\"translate(-175.05 -175.05) scale(3.89 3.89)\" >\r\n	<path d=\"M 75.877 79.794 H 5.966 C 2.676 79.794 0 77.117 0 73.827 V 24.329 c 0 -3.29 2.676 -5.967 5.966 -5.967 h 69.911 c 3.29 0 5.967 2.677 5.967 5.967 v 49.498 C 81.844 77.117 79.167 79.794 75.877 79.794 z M 5.966 22.362 C 4.882 22.362 4 23.245 4 24.329 v 49.498 c 0 1.085 0.882 1.967 1.966 1.967 h 69.911 c 1.085 0 1.967 -0.882 1.967 -1.967 V 24.329 c 0 -1.084 -0.882 -1.967 -1.967 -1.967 H 5.966 z\" style=\"stroke: none; stroke-width: 1; stroke-dasharray: none; stroke-linecap: butt; stroke-linejoin: miter; stroke-miterlimit: 10; fill: rgb(255,255,255); fill-rule: nonzero; opacity: 1;\" transform=\" matrix(1 0 0 1 0 0) \" stroke-linecap=\"round\" />\r\n	<path d=\"M 75.877 79.794 H 5.966 C 2.676 79.794 0 77.117 0 73.827 c 0 -0.47 0.166 -0.925 0.468 -1.285 l 14.707 -17.536 c 1.629 -1.942 4.016 -3.104 6.55 -3.188 c 2.529 -0.07 4.993 0.917 6.748 2.748 l 0.928 0.968 c 0.978 1.021 2.341 1.58 3.76 1.517 c 1.412 -0.057 2.734 -0.717 3.627 -1.812 l 7.434 -9.108 c 1.662 -2.037 4.124 -3.234 6.751 -3.284 c 2.669 -0.075 5.135 1.052 6.873 3.022 l 23.497 26.636 c 0.322 0.365 0.5 0.836 0.5 1.323 C 81.844 77.117 79.167 79.794 75.877 79.794 z\" style=\"stroke: none; stroke-width: 1; stroke-dasharray: none; stroke-linecap: butt; stroke-linejoin: miter; stroke-miterlimit: 10; fill: rgb(255,255,255); fill-rule: nonzero; opacity: 1;\" transform=\" matrix(1 0 0 1 0 0) \" stroke-linecap=\"round\" />\r\n	<path d=\"M 31.594 45.879 c -4.49 0 -8.142 -3.652 -8.142 -8.142 c 0 -4.489 3.652 -8.142 8.142 -8.142 c 4.489 0 8.142 3.652 8.142 8.142 C 39.736 42.227 36.083 45.879 31.594 45.879 z\" style=\"stroke: none; stroke-width: 1; stroke-dasharray: none; stroke-linecap: butt; stroke-linejoin: miter; stroke-miterlimit: 10; fill: rgb(255,255,255); fill-rule: nonzero; opacity: 1;\" transform=\" matrix(1 0 0 1 0 0) \" stroke-linecap=\"round\" />\r\n	<path d=\"M 88 67.671 c -1.104 0 -2 -0.896 -2 -2 V 16.173 c 0 -1.084 -0.882 -1.967 -1.967 -1.967 h -69.91 c -1.104 0 -2 -0.896 -2 -2 s 0.896 -2 2 -2 h 69.91 c 3.29 0 5.967 2.677 5.967 5.967 v 49.498 C 90 66.775 89.104 67.671 88 67.671 z\" style=\"stroke: none; stroke-width: 1; stroke-dasharray: none; stroke-linecap: butt; stroke-linejoin: miter; stroke-miterlimit: 10; fill: rgb(255,255,255); fill-rule: nonzero; opacity: 1;\" transform=\" matrix(1 0 0 1 0 0) \" stroke-linecap=\"round\" />\r\n</g>\r\n</g>\r\n</svg>'),
(12, 'psd', 'graphics', '', '', NULL),
(13, 'avi', 'video', '', '', '<svg xmlns=\"http://www.w3.org/2000/svg\" xmlns:xlink=\"http://www.w3.org/1999/xlink\" version=\"1.1\" width=\"25\" height=\"25\" viewBox=\"0 0 256 256\" xml:space=\"preserve\">\r\n<desc>Created with Fabric.js 1.7.22</desc>\r\n<defs>\r\n</defs>\r\n<g transform=\"translate(128 128) scale(0.72 0.72)\" style=\"\">\r\n	<g style=\"stroke: none; stroke-width: 0; stroke-dasharray: none; stroke-linecap: butt; stroke-linejoin: miter; stroke-miterlimit: 10; fill: none; fill-rule: nonzero; opacity: 1;\" transform=\"translate(-175.05 -175.05) scale(3.89 3.89)\" >\r\n	<path d=\"M 87.788 9.121 H 46.643 h -7.289 H 2.212 C 0.991 9.121 0 10.112 0 11.334 v 21.545 v 45.788 c 0 1.222 0.991 2.212 2.212 2.212 h 37.141 h 7.289 h 41.145 c 1.222 0 2.212 -0.991 2.212 -2.212 V 32.879 V 11.334 C 90 10.112 89.009 9.121 87.788 9.121 z M 41.392 14.557 c 0 -0.63 0.511 -1.141 1.141 -1.141 h 4.11 h 1.023 c 0.63 0 1.141 0.511 1.141 1.141 v 5.133 c 0 0.63 -0.511 1.141 -1.141 1.141 h -1.023 h -4.11 c -0.63 0 -1.141 -0.511 -1.141 -1.141 V 14.557 z M 29.168 14.557 c 0 -0.63 0.511 -1.141 1.141 -1.141 h 5.133 c 0.63 0 1.141 0.511 1.141 1.141 v 5.133 c 0 0.63 -0.511 1.141 -1.141 1.141 h -5.133 c -0.63 0 -1.141 -0.511 -1.141 -1.141 V 14.557 z M 12.53 75.443 c 0 0.63 -0.511 1.141 -1.141 1.141 H 6.256 c -0.63 0 -1.141 -0.511 -1.141 -1.141 V 70.31 c 0 -0.63 0.511 -1.141 1.141 -1.141 h 5.133 c 0.63 0 1.141 0.511 1.141 1.141 V 75.443 z M 12.53 19.69 c 0 0.63 -0.511 1.141 -1.141 1.141 H 6.256 c -0.63 0 -1.141 -0.511 -1.141 -1.141 v -5.133 c 0 -0.63 0.511 -1.141 1.141 -1.141 h 5.133 c 0.63 0 1.141 0.511 1.141 1.141 V 19.69 z M 24.556 75.443 c 0 0.63 -0.511 1.141 -1.141 1.141 h -5.133 c -0.63 0 -1.141 -0.511 -1.141 -1.141 V 70.31 c 0 -0.63 0.511 -1.141 1.141 -1.141 h 5.133 c 0.63 0 1.141 0.511 1.141 1.141 V 75.443 z M 24.556 19.69 c 0 0.63 -0.511 1.141 -1.141 1.141 h -5.133 c -0.63 0 -1.141 -0.511 -1.141 -1.141 v -5.133 c 0 -0.63 0.511 -1.141 1.141 -1.141 h 5.133 c 0.63 0 1.141 0.511 1.141 1.141 V 19.69 z M 36.582 75.443 c 0 0.63 -0.511 1.141 -1.141 1.141 h -5.133 c -0.63 0 -1.141 -0.511 -1.141 -1.141 V 70.31 c 0 -0.63 0.511 -1.141 1.141 -1.141 h 5.133 c 0.63 0 1.141 0.511 1.141 1.141 V 75.443 z M 37.339 57.272 c -0.979 0.565 -2.204 -0.141 -2.204 -1.272 V 34 c 0 -1.131 1.224 -1.838 2.204 -1.272 l 19.052 11 c 0.979 0.565 0.979 1.979 0 2.545 L 37.339 57.272 z M 48.806 75.443 c 0 0.63 -0.511 1.141 -1.141 1.141 h -1.023 h -4.11 c -0.63 0 -1.141 -0.511 -1.141 -1.141 V 70.31 c 0 -0.63 0.511 -1.141 1.141 -1.141 h 4.11 h 1.023 c 0.63 0 1.141 0.511 1.141 1.141 V 75.443 z M 60.832 75.443 c 0 0.63 -0.511 1.141 -1.141 1.141 h -5.133 c -0.63 0 -1.141 -0.511 -1.141 -1.141 V 70.31 c 0 -0.63 0.511 -1.141 1.141 -1.141 h 5.133 c 0.63 0 1.141 0.511 1.141 1.141 V 75.443 z M 60.832 19.69 c 0 0.63 -0.511 1.141 -1.141 1.141 h -5.133 c -0.63 0 -1.141 -0.511 -1.141 -1.141 v -5.133 c 0 -0.63 0.511 -1.141 1.141 -1.141 h 5.133 c 0.63 0 1.141 0.511 1.141 1.141 V 19.69 z M 72.859 75.443 c 0 0.63 -0.511 1.141 -1.141 1.141 h -5.133 c -0.63 0 -1.141 -0.511 -1.141 -1.141 V 70.31 c 0 -0.63 0.511 -1.141 1.141 -1.141 h 5.133 c 0.63 0 1.141 0.511 1.141 1.141 V 75.443 z M 72.859 19.69 c 0 0.63 -0.511 1.141 -1.141 1.141 h -5.133 c -0.63 0 -1.141 -0.511 -1.141 -1.141 v -5.133 c 0 -0.63 0.511 -1.141 1.141 -1.141 h 5.133 c 0.63 0 1.141 0.511 1.141 1.141 V 19.69 z M 84.885 75.443 c 0 0.63 -0.511 1.141 -1.141 1.141 h -5.133 c -0.63 0 -1.141 -0.511 -1.141 -1.141 V 70.31 c 0 -0.63 0.511 -1.141 1.141 -1.141 h 5.133 c 0.63 0 1.141 0.511 1.141 1.141 V 75.443 z M 84.885 19.69 c 0 0.63 -0.511 1.141 -1.141 1.141 h -5.133 c -0.63 0 -1.141 -0.511 -1.141 -1.141 v -5.133 c 0 -0.63 0.511 -1.141 1.141 -1.141 h 5.133 c 0.63 0 1.141 0.511 1.141 1.141 V 19.69 z\" style=\"stroke: none; stroke-width: 1; stroke-dasharray: none; stroke-linecap: butt; stroke-linejoin: miter; stroke-miterlimit: 10; fill: rgb(255,255,255); fill-rule: nonzero; opacity: 1;\" transform=\" matrix(1 0 0 1 0 0) \" stroke-linecap=\"round\" />\r\n</g>\r\n</g>\r\n</svg>'),
(14, 'mkv', 'video', '', '', '<svg xmlns=\"http://www.w3.org/2000/svg\" xmlns:xlink=\"http://www.w3.org/1999/xlink\" version=\"1.1\" width=\"25\" height=\"25\" viewBox=\"0 0 256 256\" xml:space=\"preserve\">\r\n<desc>Created with Fabric.js 1.7.22</desc>\r\n<defs>\r\n</defs>\r\n<g transform=\"translate(128 128) scale(0.72 0.72)\" style=\"\">\r\n	<g style=\"stroke: none; stroke-width: 0; stroke-dasharray: none; stroke-linecap: butt; stroke-linejoin: miter; stroke-miterlimit: 10; fill: none; fill-rule: nonzero; opacity: 1;\" transform=\"translate(-175.05 -175.05) scale(3.89 3.89)\" >\r\n	<path d=\"M 87.788 9.121 H 46.643 h -7.289 H 2.212 C 0.991 9.121 0 10.112 0 11.334 v 21.545 v 45.788 c 0 1.222 0.991 2.212 2.212 2.212 h 37.141 h 7.289 h 41.145 c 1.222 0 2.212 -0.991 2.212 -2.212 V 32.879 V 11.334 C 90 10.112 89.009 9.121 87.788 9.121 z M 41.392 14.557 c 0 -0.63 0.511 -1.141 1.141 -1.141 h 4.11 h 1.023 c 0.63 0 1.141 0.511 1.141 1.141 v 5.133 c 0 0.63 -0.511 1.141 -1.141 1.141 h -1.023 h -4.11 c -0.63 0 -1.141 -0.511 -1.141 -1.141 V 14.557 z M 29.168 14.557 c 0 -0.63 0.511 -1.141 1.141 -1.141 h 5.133 c 0.63 0 1.141 0.511 1.141 1.141 v 5.133 c 0 0.63 -0.511 1.141 -1.141 1.141 h -5.133 c -0.63 0 -1.141 -0.511 -1.141 -1.141 V 14.557 z M 12.53 75.443 c 0 0.63 -0.511 1.141 -1.141 1.141 H 6.256 c -0.63 0 -1.141 -0.511 -1.141 -1.141 V 70.31 c 0 -0.63 0.511 -1.141 1.141 -1.141 h 5.133 c 0.63 0 1.141 0.511 1.141 1.141 V 75.443 z M 12.53 19.69 c 0 0.63 -0.511 1.141 -1.141 1.141 H 6.256 c -0.63 0 -1.141 -0.511 -1.141 -1.141 v -5.133 c 0 -0.63 0.511 -1.141 1.141 -1.141 h 5.133 c 0.63 0 1.141 0.511 1.141 1.141 V 19.69 z M 24.556 75.443 c 0 0.63 -0.511 1.141 -1.141 1.141 h -5.133 c -0.63 0 -1.141 -0.511 -1.141 -1.141 V 70.31 c 0 -0.63 0.511 -1.141 1.141 -1.141 h 5.133 c 0.63 0 1.141 0.511 1.141 1.141 V 75.443 z M 24.556 19.69 c 0 0.63 -0.511 1.141 -1.141 1.141 h -5.133 c -0.63 0 -1.141 -0.511 -1.141 -1.141 v -5.133 c 0 -0.63 0.511 -1.141 1.141 -1.141 h 5.133 c 0.63 0 1.141 0.511 1.141 1.141 V 19.69 z M 36.582 75.443 c 0 0.63 -0.511 1.141 -1.141 1.141 h -5.133 c -0.63 0 -1.141 -0.511 -1.141 -1.141 V 70.31 c 0 -0.63 0.511 -1.141 1.141 -1.141 h 5.133 c 0.63 0 1.141 0.511 1.141 1.141 V 75.443 z M 37.339 57.272 c -0.979 0.565 -2.204 -0.141 -2.204 -1.272 V 34 c 0 -1.131 1.224 -1.838 2.204 -1.272 l 19.052 11 c 0.979 0.565 0.979 1.979 0 2.545 L 37.339 57.272 z M 48.806 75.443 c 0 0.63 -0.511 1.141 -1.141 1.141 h -1.023 h -4.11 c -0.63 0 -1.141 -0.511 -1.141 -1.141 V 70.31 c 0 -0.63 0.511 -1.141 1.141 -1.141 h 4.11 h 1.023 c 0.63 0 1.141 0.511 1.141 1.141 V 75.443 z M 60.832 75.443 c 0 0.63 -0.511 1.141 -1.141 1.141 h -5.133 c -0.63 0 -1.141 -0.511 -1.141 -1.141 V 70.31 c 0 -0.63 0.511 -1.141 1.141 -1.141 h 5.133 c 0.63 0 1.141 0.511 1.141 1.141 V 75.443 z M 60.832 19.69 c 0 0.63 -0.511 1.141 -1.141 1.141 h -5.133 c -0.63 0 -1.141 -0.511 -1.141 -1.141 v -5.133 c 0 -0.63 0.511 -1.141 1.141 -1.141 h 5.133 c 0.63 0 1.141 0.511 1.141 1.141 V 19.69 z M 72.859 75.443 c 0 0.63 -0.511 1.141 -1.141 1.141 h -5.133 c -0.63 0 -1.141 -0.511 -1.141 -1.141 V 70.31 c 0 -0.63 0.511 -1.141 1.141 -1.141 h 5.133 c 0.63 0 1.141 0.511 1.141 1.141 V 75.443 z M 72.859 19.69 c 0 0.63 -0.511 1.141 -1.141 1.141 h -5.133 c -0.63 0 -1.141 -0.511 -1.141 -1.141 v -5.133 c 0 -0.63 0.511 -1.141 1.141 -1.141 h 5.133 c 0.63 0 1.141 0.511 1.141 1.141 V 19.69 z M 84.885 75.443 c 0 0.63 -0.511 1.141 -1.141 1.141 h -5.133 c -0.63 0 -1.141 -0.511 -1.141 -1.141 V 70.31 c 0 -0.63 0.511 -1.141 1.141 -1.141 h 5.133 c 0.63 0 1.141 0.511 1.141 1.141 V 75.443 z M 84.885 19.69 c 0 0.63 -0.511 1.141 -1.141 1.141 h -5.133 c -0.63 0 -1.141 -0.511 -1.141 -1.141 v -5.133 c 0 -0.63 0.511 -1.141 1.141 -1.141 h 5.133 c 0.63 0 1.141 0.511 1.141 1.141 V 19.69 z\" style=\"stroke: none; stroke-width: 1; stroke-dasharray: none; stroke-linecap: butt; stroke-linejoin: miter; stroke-miterlimit: 10; fill: rgb(255,255,255); fill-rule: nonzero; opacity: 1;\" transform=\" matrix(1 0 0 1 0 0) \" stroke-linecap=\"round\" />\r\n</g>\r\n</g>\r\n</svg>'),
(15, 'mov', 'video', '', '', '<svg xmlns=\"http://www.w3.org/2000/svg\" xmlns:xlink=\"http://www.w3.org/1999/xlink\" version=\"1.1\" width=\"25\" height=\"25\" viewBox=\"0 0 256 256\" xml:space=\"preserve\">\r\n<desc>Created with Fabric.js 1.7.22</desc>\r\n<defs>\r\n</defs>\r\n<g transform=\"translate(128 128) scale(0.72 0.72)\" style=\"\">\r\n	<g style=\"stroke: none; stroke-width: 0; stroke-dasharray: none; stroke-linecap: butt; stroke-linejoin: miter; stroke-miterlimit: 10; fill: none; fill-rule: nonzero; opacity: 1;\" transform=\"translate(-175.05 -175.05) scale(3.89 3.89)\" >\r\n	<path d=\"M 87.788 9.121 H 46.643 h -7.289 H 2.212 C 0.991 9.121 0 10.112 0 11.334 v 21.545 v 45.788 c 0 1.222 0.991 2.212 2.212 2.212 h 37.141 h 7.289 h 41.145 c 1.222 0 2.212 -0.991 2.212 -2.212 V 32.879 V 11.334 C 90 10.112 89.009 9.121 87.788 9.121 z M 41.392 14.557 c 0 -0.63 0.511 -1.141 1.141 -1.141 h 4.11 h 1.023 c 0.63 0 1.141 0.511 1.141 1.141 v 5.133 c 0 0.63 -0.511 1.141 -1.141 1.141 h -1.023 h -4.11 c -0.63 0 -1.141 -0.511 -1.141 -1.141 V 14.557 z M 29.168 14.557 c 0 -0.63 0.511 -1.141 1.141 -1.141 h 5.133 c 0.63 0 1.141 0.511 1.141 1.141 v 5.133 c 0 0.63 -0.511 1.141 -1.141 1.141 h -5.133 c -0.63 0 -1.141 -0.511 -1.141 -1.141 V 14.557 z M 12.53 75.443 c 0 0.63 -0.511 1.141 -1.141 1.141 H 6.256 c -0.63 0 -1.141 -0.511 -1.141 -1.141 V 70.31 c 0 -0.63 0.511 -1.141 1.141 -1.141 h 5.133 c 0.63 0 1.141 0.511 1.141 1.141 V 75.443 z M 12.53 19.69 c 0 0.63 -0.511 1.141 -1.141 1.141 H 6.256 c -0.63 0 -1.141 -0.511 -1.141 -1.141 v -5.133 c 0 -0.63 0.511 -1.141 1.141 -1.141 h 5.133 c 0.63 0 1.141 0.511 1.141 1.141 V 19.69 z M 24.556 75.443 c 0 0.63 -0.511 1.141 -1.141 1.141 h -5.133 c -0.63 0 -1.141 -0.511 -1.141 -1.141 V 70.31 c 0 -0.63 0.511 -1.141 1.141 -1.141 h 5.133 c 0.63 0 1.141 0.511 1.141 1.141 V 75.443 z M 24.556 19.69 c 0 0.63 -0.511 1.141 -1.141 1.141 h -5.133 c -0.63 0 -1.141 -0.511 -1.141 -1.141 v -5.133 c 0 -0.63 0.511 -1.141 1.141 -1.141 h 5.133 c 0.63 0 1.141 0.511 1.141 1.141 V 19.69 z M 36.582 75.443 c 0 0.63 -0.511 1.141 -1.141 1.141 h -5.133 c -0.63 0 -1.141 -0.511 -1.141 -1.141 V 70.31 c 0 -0.63 0.511 -1.141 1.141 -1.141 h 5.133 c 0.63 0 1.141 0.511 1.141 1.141 V 75.443 z M 37.339 57.272 c -0.979 0.565 -2.204 -0.141 -2.204 -1.272 V 34 c 0 -1.131 1.224 -1.838 2.204 -1.272 l 19.052 11 c 0.979 0.565 0.979 1.979 0 2.545 L 37.339 57.272 z M 48.806 75.443 c 0 0.63 -0.511 1.141 -1.141 1.141 h -1.023 h -4.11 c -0.63 0 -1.141 -0.511 -1.141 -1.141 V 70.31 c 0 -0.63 0.511 -1.141 1.141 -1.141 h 4.11 h 1.023 c 0.63 0 1.141 0.511 1.141 1.141 V 75.443 z M 60.832 75.443 c 0 0.63 -0.511 1.141 -1.141 1.141 h -5.133 c -0.63 0 -1.141 -0.511 -1.141 -1.141 V 70.31 c 0 -0.63 0.511 -1.141 1.141 -1.141 h 5.133 c 0.63 0 1.141 0.511 1.141 1.141 V 75.443 z M 60.832 19.69 c 0 0.63 -0.511 1.141 -1.141 1.141 h -5.133 c -0.63 0 -1.141 -0.511 -1.141 -1.141 v -5.133 c 0 -0.63 0.511 -1.141 1.141 -1.141 h 5.133 c 0.63 0 1.141 0.511 1.141 1.141 V 19.69 z M 72.859 75.443 c 0 0.63 -0.511 1.141 -1.141 1.141 h -5.133 c -0.63 0 -1.141 -0.511 -1.141 -1.141 V 70.31 c 0 -0.63 0.511 -1.141 1.141 -1.141 h 5.133 c 0.63 0 1.141 0.511 1.141 1.141 V 75.443 z M 72.859 19.69 c 0 0.63 -0.511 1.141 -1.141 1.141 h -5.133 c -0.63 0 -1.141 -0.511 -1.141 -1.141 v -5.133 c 0 -0.63 0.511 -1.141 1.141 -1.141 h 5.133 c 0.63 0 1.141 0.511 1.141 1.141 V 19.69 z M 84.885 75.443 c 0 0.63 -0.511 1.141 -1.141 1.141 h -5.133 c -0.63 0 -1.141 -0.511 -1.141 -1.141 V 70.31 c 0 -0.63 0.511 -1.141 1.141 -1.141 h 5.133 c 0.63 0 1.141 0.511 1.141 1.141 V 75.443 z M 84.885 19.69 c 0 0.63 -0.511 1.141 -1.141 1.141 h -5.133 c -0.63 0 -1.141 -0.511 -1.141 -1.141 v -5.133 c 0 -0.63 0.511 -1.141 1.141 -1.141 h 5.133 c 0.63 0 1.141 0.511 1.141 1.141 V 19.69 z\" style=\"stroke: none; stroke-width: 1; stroke-dasharray: none; stroke-linecap: butt; stroke-linejoin: miter; stroke-miterlimit: 10; fill: rgb(255,255,255); fill-rule: nonzero; opacity: 1;\" transform=\" matrix(1 0 0 1 0 0) \" stroke-linecap=\"round\" />\r\n</g>\r\n</g>\r\n</svg>');
INSERT INTO `file_type` (`id`, `ext`, `type`, `icon_filled`, `icon_thin`, `icon_svg`) VALUES
(16, 'flv', 'video', '', '', '<svg xmlns=\"http://www.w3.org/2000/svg\" xmlns:xlink=\"http://www.w3.org/1999/xlink\" version=\"1.1\" width=\"25\" height=\"25\" viewBox=\"0 0 256 256\" xml:space=\"preserve\">\r\n<desc>Created with Fabric.js 1.7.22</desc>\r\n<defs>\r\n</defs>\r\n<g transform=\"translate(128 128) scale(0.72 0.72)\" style=\"\">\r\n	<g style=\"stroke: none; stroke-width: 0; stroke-dasharray: none; stroke-linecap: butt; stroke-linejoin: miter; stroke-miterlimit: 10; fill: none; fill-rule: nonzero; opacity: 1;\" transform=\"translate(-175.05 -175.05) scale(3.89 3.89)\" >\r\n	<path d=\"M 87.788 9.121 H 46.643 h -7.289 H 2.212 C 0.991 9.121 0 10.112 0 11.334 v 21.545 v 45.788 c 0 1.222 0.991 2.212 2.212 2.212 h 37.141 h 7.289 h 41.145 c 1.222 0 2.212 -0.991 2.212 -2.212 V 32.879 V 11.334 C 90 10.112 89.009 9.121 87.788 9.121 z M 41.392 14.557 c 0 -0.63 0.511 -1.141 1.141 -1.141 h 4.11 h 1.023 c 0.63 0 1.141 0.511 1.141 1.141 v 5.133 c 0 0.63 -0.511 1.141 -1.141 1.141 h -1.023 h -4.11 c -0.63 0 -1.141 -0.511 -1.141 -1.141 V 14.557 z M 29.168 14.557 c 0 -0.63 0.511 -1.141 1.141 -1.141 h 5.133 c 0.63 0 1.141 0.511 1.141 1.141 v 5.133 c 0 0.63 -0.511 1.141 -1.141 1.141 h -5.133 c -0.63 0 -1.141 -0.511 -1.141 -1.141 V 14.557 z M 12.53 75.443 c 0 0.63 -0.511 1.141 -1.141 1.141 H 6.256 c -0.63 0 -1.141 -0.511 -1.141 -1.141 V 70.31 c 0 -0.63 0.511 -1.141 1.141 -1.141 h 5.133 c 0.63 0 1.141 0.511 1.141 1.141 V 75.443 z M 12.53 19.69 c 0 0.63 -0.511 1.141 -1.141 1.141 H 6.256 c -0.63 0 -1.141 -0.511 -1.141 -1.141 v -5.133 c 0 -0.63 0.511 -1.141 1.141 -1.141 h 5.133 c 0.63 0 1.141 0.511 1.141 1.141 V 19.69 z M 24.556 75.443 c 0 0.63 -0.511 1.141 -1.141 1.141 h -5.133 c -0.63 0 -1.141 -0.511 -1.141 -1.141 V 70.31 c 0 -0.63 0.511 -1.141 1.141 -1.141 h 5.133 c 0.63 0 1.141 0.511 1.141 1.141 V 75.443 z M 24.556 19.69 c 0 0.63 -0.511 1.141 -1.141 1.141 h -5.133 c -0.63 0 -1.141 -0.511 -1.141 -1.141 v -5.133 c 0 -0.63 0.511 -1.141 1.141 -1.141 h 5.133 c 0.63 0 1.141 0.511 1.141 1.141 V 19.69 z M 36.582 75.443 c 0 0.63 -0.511 1.141 -1.141 1.141 h -5.133 c -0.63 0 -1.141 -0.511 -1.141 -1.141 V 70.31 c 0 -0.63 0.511 -1.141 1.141 -1.141 h 5.133 c 0.63 0 1.141 0.511 1.141 1.141 V 75.443 z M 37.339 57.272 c -0.979 0.565 -2.204 -0.141 -2.204 -1.272 V 34 c 0 -1.131 1.224 -1.838 2.204 -1.272 l 19.052 11 c 0.979 0.565 0.979 1.979 0 2.545 L 37.339 57.272 z M 48.806 75.443 c 0 0.63 -0.511 1.141 -1.141 1.141 h -1.023 h -4.11 c -0.63 0 -1.141 -0.511 -1.141 -1.141 V 70.31 c 0 -0.63 0.511 -1.141 1.141 -1.141 h 4.11 h 1.023 c 0.63 0 1.141 0.511 1.141 1.141 V 75.443 z M 60.832 75.443 c 0 0.63 -0.511 1.141 -1.141 1.141 h -5.133 c -0.63 0 -1.141 -0.511 -1.141 -1.141 V 70.31 c 0 -0.63 0.511 -1.141 1.141 -1.141 h 5.133 c 0.63 0 1.141 0.511 1.141 1.141 V 75.443 z M 60.832 19.69 c 0 0.63 -0.511 1.141 -1.141 1.141 h -5.133 c -0.63 0 -1.141 -0.511 -1.141 -1.141 v -5.133 c 0 -0.63 0.511 -1.141 1.141 -1.141 h 5.133 c 0.63 0 1.141 0.511 1.141 1.141 V 19.69 z M 72.859 75.443 c 0 0.63 -0.511 1.141 -1.141 1.141 h -5.133 c -0.63 0 -1.141 -0.511 -1.141 -1.141 V 70.31 c 0 -0.63 0.511 -1.141 1.141 -1.141 h 5.133 c 0.63 0 1.141 0.511 1.141 1.141 V 75.443 z M 72.859 19.69 c 0 0.63 -0.511 1.141 -1.141 1.141 h -5.133 c -0.63 0 -1.141 -0.511 -1.141 -1.141 v -5.133 c 0 -0.63 0.511 -1.141 1.141 -1.141 h 5.133 c 0.63 0 1.141 0.511 1.141 1.141 V 19.69 z M 84.885 75.443 c 0 0.63 -0.511 1.141 -1.141 1.141 h -5.133 c -0.63 0 -1.141 -0.511 -1.141 -1.141 V 70.31 c 0 -0.63 0.511 -1.141 1.141 -1.141 h 5.133 c 0.63 0 1.141 0.511 1.141 1.141 V 75.443 z M 84.885 19.69 c 0 0.63 -0.511 1.141 -1.141 1.141 h -5.133 c -0.63 0 -1.141 -0.511 -1.141 -1.141 v -5.133 c 0 -0.63 0.511 -1.141 1.141 -1.141 h 5.133 c 0.63 0 1.141 0.511 1.141 1.141 V 19.69 z\" style=\"stroke: none; stroke-width: 1; stroke-dasharray: none; stroke-linecap: butt; stroke-linejoin: miter; stroke-miterlimit: 10; fill: rgb(255,255,255); fill-rule: nonzero; opacity: 1;\" transform=\" matrix(1 0 0 1 0 0) \" stroke-linecap=\"round\" />\r\n</g>\r\n</g>\r\n</svg>'),
(17, 'webp', 'video', '', '', '<svg xmlns=\"http://www.w3.org/2000/svg\" xmlns:xlink=\"http://www.w3.org/1999/xlink\" version=\"1.1\" width=\"25\" height=\"25\" viewBox=\"0 0 256 256\" xml:space=\"preserve\">\r\n<desc>Created with Fabric.js 1.7.22</desc>\r\n<defs>\r\n</defs>\r\n<g transform=\"translate(128 128) scale(0.72 0.72)\" style=\"\">\r\n	<g style=\"stroke: none; stroke-width: 0; stroke-dasharray: none; stroke-linecap: butt; stroke-linejoin: miter; stroke-miterlimit: 10; fill: none; fill-rule: nonzero; opacity: 1;\" transform=\"translate(-175.05 -175.05) scale(3.89 3.89)\" >\r\n	<path d=\"M 87.788 9.121 H 46.643 h -7.289 H 2.212 C 0.991 9.121 0 10.112 0 11.334 v 21.545 v 45.788 c 0 1.222 0.991 2.212 2.212 2.212 h 37.141 h 7.289 h 41.145 c 1.222 0 2.212 -0.991 2.212 -2.212 V 32.879 V 11.334 C 90 10.112 89.009 9.121 87.788 9.121 z M 41.392 14.557 c 0 -0.63 0.511 -1.141 1.141 -1.141 h 4.11 h 1.023 c 0.63 0 1.141 0.511 1.141 1.141 v 5.133 c 0 0.63 -0.511 1.141 -1.141 1.141 h -1.023 h -4.11 c -0.63 0 -1.141 -0.511 -1.141 -1.141 V 14.557 z M 29.168 14.557 c 0 -0.63 0.511 -1.141 1.141 -1.141 h 5.133 c 0.63 0 1.141 0.511 1.141 1.141 v 5.133 c 0 0.63 -0.511 1.141 -1.141 1.141 h -5.133 c -0.63 0 -1.141 -0.511 -1.141 -1.141 V 14.557 z M 12.53 75.443 c 0 0.63 -0.511 1.141 -1.141 1.141 H 6.256 c -0.63 0 -1.141 -0.511 -1.141 -1.141 V 70.31 c 0 -0.63 0.511 -1.141 1.141 -1.141 h 5.133 c 0.63 0 1.141 0.511 1.141 1.141 V 75.443 z M 12.53 19.69 c 0 0.63 -0.511 1.141 -1.141 1.141 H 6.256 c -0.63 0 -1.141 -0.511 -1.141 -1.141 v -5.133 c 0 -0.63 0.511 -1.141 1.141 -1.141 h 5.133 c 0.63 0 1.141 0.511 1.141 1.141 V 19.69 z M 24.556 75.443 c 0 0.63 -0.511 1.141 -1.141 1.141 h -5.133 c -0.63 0 -1.141 -0.511 -1.141 -1.141 V 70.31 c 0 -0.63 0.511 -1.141 1.141 -1.141 h 5.133 c 0.63 0 1.141 0.511 1.141 1.141 V 75.443 z M 24.556 19.69 c 0 0.63 -0.511 1.141 -1.141 1.141 h -5.133 c -0.63 0 -1.141 -0.511 -1.141 -1.141 v -5.133 c 0 -0.63 0.511 -1.141 1.141 -1.141 h 5.133 c 0.63 0 1.141 0.511 1.141 1.141 V 19.69 z M 36.582 75.443 c 0 0.63 -0.511 1.141 -1.141 1.141 h -5.133 c -0.63 0 -1.141 -0.511 -1.141 -1.141 V 70.31 c 0 -0.63 0.511 -1.141 1.141 -1.141 h 5.133 c 0.63 0 1.141 0.511 1.141 1.141 V 75.443 z M 37.339 57.272 c -0.979 0.565 -2.204 -0.141 -2.204 -1.272 V 34 c 0 -1.131 1.224 -1.838 2.204 -1.272 l 19.052 11 c 0.979 0.565 0.979 1.979 0 2.545 L 37.339 57.272 z M 48.806 75.443 c 0 0.63 -0.511 1.141 -1.141 1.141 h -1.023 h -4.11 c -0.63 0 -1.141 -0.511 -1.141 -1.141 V 70.31 c 0 -0.63 0.511 -1.141 1.141 -1.141 h 4.11 h 1.023 c 0.63 0 1.141 0.511 1.141 1.141 V 75.443 z M 60.832 75.443 c 0 0.63 -0.511 1.141 -1.141 1.141 h -5.133 c -0.63 0 -1.141 -0.511 -1.141 -1.141 V 70.31 c 0 -0.63 0.511 -1.141 1.141 -1.141 h 5.133 c 0.63 0 1.141 0.511 1.141 1.141 V 75.443 z M 60.832 19.69 c 0 0.63 -0.511 1.141 -1.141 1.141 h -5.133 c -0.63 0 -1.141 -0.511 -1.141 -1.141 v -5.133 c 0 -0.63 0.511 -1.141 1.141 -1.141 h 5.133 c 0.63 0 1.141 0.511 1.141 1.141 V 19.69 z M 72.859 75.443 c 0 0.63 -0.511 1.141 -1.141 1.141 h -5.133 c -0.63 0 -1.141 -0.511 -1.141 -1.141 V 70.31 c 0 -0.63 0.511 -1.141 1.141 -1.141 h 5.133 c 0.63 0 1.141 0.511 1.141 1.141 V 75.443 z M 72.859 19.69 c 0 0.63 -0.511 1.141 -1.141 1.141 h -5.133 c -0.63 0 -1.141 -0.511 -1.141 -1.141 v -5.133 c 0 -0.63 0.511 -1.141 1.141 -1.141 h 5.133 c 0.63 0 1.141 0.511 1.141 1.141 V 19.69 z M 84.885 75.443 c 0 0.63 -0.511 1.141 -1.141 1.141 h -5.133 c -0.63 0 -1.141 -0.511 -1.141 -1.141 V 70.31 c 0 -0.63 0.511 -1.141 1.141 -1.141 h 5.133 c 0.63 0 1.141 0.511 1.141 1.141 V 75.443 z M 84.885 19.69 c 0 0.63 -0.511 1.141 -1.141 1.141 h -5.133 c -0.63 0 -1.141 -0.511 -1.141 -1.141 v -5.133 c 0 -0.63 0.511 -1.141 1.141 -1.141 h 5.133 c 0.63 0 1.141 0.511 1.141 1.141 V 19.69 z\" style=\"stroke: none; stroke-width: 1; stroke-dasharray: none; stroke-linecap: butt; stroke-linejoin: miter; stroke-miterlimit: 10; fill: rgb(255,255,255); fill-rule: nonzero; opacity: 1;\" transform=\" matrix(1 0 0 1 0 0) \" stroke-linecap=\"round\" />\r\n</g>\r\n</g>\r\n</svg>'),
(18, 'wmv', 'video', '', '', '<svg xmlns=\"http://www.w3.org/2000/svg\" xmlns:xlink=\"http://www.w3.org/1999/xlink\" version=\"1.1\" width=\"25\" height=\"25\" viewBox=\"0 0 256 256\" xml:space=\"preserve\">\r\n<desc>Created with Fabric.js 1.7.22</desc>\r\n<defs>\r\n</defs>\r\n<g transform=\"translate(128 128) scale(0.72 0.72)\" style=\"\">\r\n	<g style=\"stroke: none; stroke-width: 0; stroke-dasharray: none; stroke-linecap: butt; stroke-linejoin: miter; stroke-miterlimit: 10; fill: none; fill-rule: nonzero; opacity: 1;\" transform=\"translate(-175.05 -175.05) scale(3.89 3.89)\" >\r\n	<path d=\"M 87.788 9.121 H 46.643 h -7.289 H 2.212 C 0.991 9.121 0 10.112 0 11.334 v 21.545 v 45.788 c 0 1.222 0.991 2.212 2.212 2.212 h 37.141 h 7.289 h 41.145 c 1.222 0 2.212 -0.991 2.212 -2.212 V 32.879 V 11.334 C 90 10.112 89.009 9.121 87.788 9.121 z M 41.392 14.557 c 0 -0.63 0.511 -1.141 1.141 -1.141 h 4.11 h 1.023 c 0.63 0 1.141 0.511 1.141 1.141 v 5.133 c 0 0.63 -0.511 1.141 -1.141 1.141 h -1.023 h -4.11 c -0.63 0 -1.141 -0.511 -1.141 -1.141 V 14.557 z M 29.168 14.557 c 0 -0.63 0.511 -1.141 1.141 -1.141 h 5.133 c 0.63 0 1.141 0.511 1.141 1.141 v 5.133 c 0 0.63 -0.511 1.141 -1.141 1.141 h -5.133 c -0.63 0 -1.141 -0.511 -1.141 -1.141 V 14.557 z M 12.53 75.443 c 0 0.63 -0.511 1.141 -1.141 1.141 H 6.256 c -0.63 0 -1.141 -0.511 -1.141 -1.141 V 70.31 c 0 -0.63 0.511 -1.141 1.141 -1.141 h 5.133 c 0.63 0 1.141 0.511 1.141 1.141 V 75.443 z M 12.53 19.69 c 0 0.63 -0.511 1.141 -1.141 1.141 H 6.256 c -0.63 0 -1.141 -0.511 -1.141 -1.141 v -5.133 c 0 -0.63 0.511 -1.141 1.141 -1.141 h 5.133 c 0.63 0 1.141 0.511 1.141 1.141 V 19.69 z M 24.556 75.443 c 0 0.63 -0.511 1.141 -1.141 1.141 h -5.133 c -0.63 0 -1.141 -0.511 -1.141 -1.141 V 70.31 c 0 -0.63 0.511 -1.141 1.141 -1.141 h 5.133 c 0.63 0 1.141 0.511 1.141 1.141 V 75.443 z M 24.556 19.69 c 0 0.63 -0.511 1.141 -1.141 1.141 h -5.133 c -0.63 0 -1.141 -0.511 -1.141 -1.141 v -5.133 c 0 -0.63 0.511 -1.141 1.141 -1.141 h 5.133 c 0.63 0 1.141 0.511 1.141 1.141 V 19.69 z M 36.582 75.443 c 0 0.63 -0.511 1.141 -1.141 1.141 h -5.133 c -0.63 0 -1.141 -0.511 -1.141 -1.141 V 70.31 c 0 -0.63 0.511 -1.141 1.141 -1.141 h 5.133 c 0.63 0 1.141 0.511 1.141 1.141 V 75.443 z M 37.339 57.272 c -0.979 0.565 -2.204 -0.141 -2.204 -1.272 V 34 c 0 -1.131 1.224 -1.838 2.204 -1.272 l 19.052 11 c 0.979 0.565 0.979 1.979 0 2.545 L 37.339 57.272 z M 48.806 75.443 c 0 0.63 -0.511 1.141 -1.141 1.141 h -1.023 h -4.11 c -0.63 0 -1.141 -0.511 -1.141 -1.141 V 70.31 c 0 -0.63 0.511 -1.141 1.141 -1.141 h 4.11 h 1.023 c 0.63 0 1.141 0.511 1.141 1.141 V 75.443 z M 60.832 75.443 c 0 0.63 -0.511 1.141 -1.141 1.141 h -5.133 c -0.63 0 -1.141 -0.511 -1.141 -1.141 V 70.31 c 0 -0.63 0.511 -1.141 1.141 -1.141 h 5.133 c 0.63 0 1.141 0.511 1.141 1.141 V 75.443 z M 60.832 19.69 c 0 0.63 -0.511 1.141 -1.141 1.141 h -5.133 c -0.63 0 -1.141 -0.511 -1.141 -1.141 v -5.133 c 0 -0.63 0.511 -1.141 1.141 -1.141 h 5.133 c 0.63 0 1.141 0.511 1.141 1.141 V 19.69 z M 72.859 75.443 c 0 0.63 -0.511 1.141 -1.141 1.141 h -5.133 c -0.63 0 -1.141 -0.511 -1.141 -1.141 V 70.31 c 0 -0.63 0.511 -1.141 1.141 -1.141 h 5.133 c 0.63 0 1.141 0.511 1.141 1.141 V 75.443 z M 72.859 19.69 c 0 0.63 -0.511 1.141 -1.141 1.141 h -5.133 c -0.63 0 -1.141 -0.511 -1.141 -1.141 v -5.133 c 0 -0.63 0.511 -1.141 1.141 -1.141 h 5.133 c 0.63 0 1.141 0.511 1.141 1.141 V 19.69 z M 84.885 75.443 c 0 0.63 -0.511 1.141 -1.141 1.141 h -5.133 c -0.63 0 -1.141 -0.511 -1.141 -1.141 V 70.31 c 0 -0.63 0.511 -1.141 1.141 -1.141 h 5.133 c 0.63 0 1.141 0.511 1.141 1.141 V 75.443 z M 84.885 19.69 c 0 0.63 -0.511 1.141 -1.141 1.141 h -5.133 c -0.63 0 -1.141 -0.511 -1.141 -1.141 v -5.133 c 0 -0.63 0.511 -1.141 1.141 -1.141 h 5.133 c 0.63 0 1.141 0.511 1.141 1.141 V 19.69 z\" style=\"stroke: none; stroke-width: 1; stroke-dasharray: none; stroke-linecap: butt; stroke-linejoin: miter; stroke-miterlimit: 10; fill: rgb(255,255,255); fill-rule: nonzero; opacity: 1;\" transform=\" matrix(1 0 0 1 0 0) \" stroke-linecap=\"round\" />\r\n</g>\r\n</g>\r\n</svg>'),
(19, 'vob', 'video', '', '', '<svg xmlns=\"http://www.w3.org/2000/svg\" xmlns:xlink=\"http://www.w3.org/1999/xlink\" version=\"1.1\" width=\"25\" height=\"25\" viewBox=\"0 0 256 256\" xml:space=\"preserve\">\r\n<desc>Created with Fabric.js 1.7.22</desc>\r\n<defs>\r\n</defs>\r\n<g transform=\"translate(128 128) scale(0.72 0.72)\" style=\"\">\r\n	<g style=\"stroke: none; stroke-width: 0; stroke-dasharray: none; stroke-linecap: butt; stroke-linejoin: miter; stroke-miterlimit: 10; fill: none; fill-rule: nonzero; opacity: 1;\" transform=\"translate(-175.05 -175.05) scale(3.89 3.89)\" >\r\n	<path d=\"M 87.788 9.121 H 46.643 h -7.289 H 2.212 C 0.991 9.121 0 10.112 0 11.334 v 21.545 v 45.788 c 0 1.222 0.991 2.212 2.212 2.212 h 37.141 h 7.289 h 41.145 c 1.222 0 2.212 -0.991 2.212 -2.212 V 32.879 V 11.334 C 90 10.112 89.009 9.121 87.788 9.121 z M 41.392 14.557 c 0 -0.63 0.511 -1.141 1.141 -1.141 h 4.11 h 1.023 c 0.63 0 1.141 0.511 1.141 1.141 v 5.133 c 0 0.63 -0.511 1.141 -1.141 1.141 h -1.023 h -4.11 c -0.63 0 -1.141 -0.511 -1.141 -1.141 V 14.557 z M 29.168 14.557 c 0 -0.63 0.511 -1.141 1.141 -1.141 h 5.133 c 0.63 0 1.141 0.511 1.141 1.141 v 5.133 c 0 0.63 -0.511 1.141 -1.141 1.141 h -5.133 c -0.63 0 -1.141 -0.511 -1.141 -1.141 V 14.557 z M 12.53 75.443 c 0 0.63 -0.511 1.141 -1.141 1.141 H 6.256 c -0.63 0 -1.141 -0.511 -1.141 -1.141 V 70.31 c 0 -0.63 0.511 -1.141 1.141 -1.141 h 5.133 c 0.63 0 1.141 0.511 1.141 1.141 V 75.443 z M 12.53 19.69 c 0 0.63 -0.511 1.141 -1.141 1.141 H 6.256 c -0.63 0 -1.141 -0.511 -1.141 -1.141 v -5.133 c 0 -0.63 0.511 -1.141 1.141 -1.141 h 5.133 c 0.63 0 1.141 0.511 1.141 1.141 V 19.69 z M 24.556 75.443 c 0 0.63 -0.511 1.141 -1.141 1.141 h -5.133 c -0.63 0 -1.141 -0.511 -1.141 -1.141 V 70.31 c 0 -0.63 0.511 -1.141 1.141 -1.141 h 5.133 c 0.63 0 1.141 0.511 1.141 1.141 V 75.443 z M 24.556 19.69 c 0 0.63 -0.511 1.141 -1.141 1.141 h -5.133 c -0.63 0 -1.141 -0.511 -1.141 -1.141 v -5.133 c 0 -0.63 0.511 -1.141 1.141 -1.141 h 5.133 c 0.63 0 1.141 0.511 1.141 1.141 V 19.69 z M 36.582 75.443 c 0 0.63 -0.511 1.141 -1.141 1.141 h -5.133 c -0.63 0 -1.141 -0.511 -1.141 -1.141 V 70.31 c 0 -0.63 0.511 -1.141 1.141 -1.141 h 5.133 c 0.63 0 1.141 0.511 1.141 1.141 V 75.443 z M 37.339 57.272 c -0.979 0.565 -2.204 -0.141 -2.204 -1.272 V 34 c 0 -1.131 1.224 -1.838 2.204 -1.272 l 19.052 11 c 0.979 0.565 0.979 1.979 0 2.545 L 37.339 57.272 z M 48.806 75.443 c 0 0.63 -0.511 1.141 -1.141 1.141 h -1.023 h -4.11 c -0.63 0 -1.141 -0.511 -1.141 -1.141 V 70.31 c 0 -0.63 0.511 -1.141 1.141 -1.141 h 4.11 h 1.023 c 0.63 0 1.141 0.511 1.141 1.141 V 75.443 z M 60.832 75.443 c 0 0.63 -0.511 1.141 -1.141 1.141 h -5.133 c -0.63 0 -1.141 -0.511 -1.141 -1.141 V 70.31 c 0 -0.63 0.511 -1.141 1.141 -1.141 h 5.133 c 0.63 0 1.141 0.511 1.141 1.141 V 75.443 z M 60.832 19.69 c 0 0.63 -0.511 1.141 -1.141 1.141 h -5.133 c -0.63 0 -1.141 -0.511 -1.141 -1.141 v -5.133 c 0 -0.63 0.511 -1.141 1.141 -1.141 h 5.133 c 0.63 0 1.141 0.511 1.141 1.141 V 19.69 z M 72.859 75.443 c 0 0.63 -0.511 1.141 -1.141 1.141 h -5.133 c -0.63 0 -1.141 -0.511 -1.141 -1.141 V 70.31 c 0 -0.63 0.511 -1.141 1.141 -1.141 h 5.133 c 0.63 0 1.141 0.511 1.141 1.141 V 75.443 z M 72.859 19.69 c 0 0.63 -0.511 1.141 -1.141 1.141 h -5.133 c -0.63 0 -1.141 -0.511 -1.141 -1.141 v -5.133 c 0 -0.63 0.511 -1.141 1.141 -1.141 h 5.133 c 0.63 0 1.141 0.511 1.141 1.141 V 19.69 z M 84.885 75.443 c 0 0.63 -0.511 1.141 -1.141 1.141 h -5.133 c -0.63 0 -1.141 -0.511 -1.141 -1.141 V 70.31 c 0 -0.63 0.511 -1.141 1.141 -1.141 h 5.133 c 0.63 0 1.141 0.511 1.141 1.141 V 75.443 z M 84.885 19.69 c 0 0.63 -0.511 1.141 -1.141 1.141 h -5.133 c -0.63 0 -1.141 -0.511 -1.141 -1.141 v -5.133 c 0 -0.63 0.511 -1.141 1.141 -1.141 h 5.133 c 0.63 0 1.141 0.511 1.141 1.141 V 19.69 z\" style=\"stroke: none; stroke-width: 1; stroke-dasharray: none; stroke-linecap: butt; stroke-linejoin: miter; stroke-miterlimit: 10; fill: rgb(255,255,255); fill-rule: nonzero; opacity: 1;\" transform=\" matrix(1 0 0 1 0 0) \" stroke-linecap=\"round\" />\r\n</g>\r\n</g>\r\n</svg>'),
(20, 'mpeg', 'video', '', '', '<svg xmlns=\"http://www.w3.org/2000/svg\" xmlns:xlink=\"http://www.w3.org/1999/xlink\" version=\"1.1\" width=\"25\" height=\"25\" viewBox=\"0 0 256 256\" xml:space=\"preserve\">\r\n<desc>Created with Fabric.js 1.7.22</desc>\r\n<defs>\r\n</defs>\r\n<g transform=\"translate(128 128) scale(0.72 0.72)\" style=\"\">\r\n	<g style=\"stroke: none; stroke-width: 0; stroke-dasharray: none; stroke-linecap: butt; stroke-linejoin: miter; stroke-miterlimit: 10; fill: none; fill-rule: nonzero; opacity: 1;\" transform=\"translate(-175.05 -175.05) scale(3.89 3.89)\" >\r\n	<path d=\"M 87.788 9.121 H 46.643 h -7.289 H 2.212 C 0.991 9.121 0 10.112 0 11.334 v 21.545 v 45.788 c 0 1.222 0.991 2.212 2.212 2.212 h 37.141 h 7.289 h 41.145 c 1.222 0 2.212 -0.991 2.212 -2.212 V 32.879 V 11.334 C 90 10.112 89.009 9.121 87.788 9.121 z M 41.392 14.557 c 0 -0.63 0.511 -1.141 1.141 -1.141 h 4.11 h 1.023 c 0.63 0 1.141 0.511 1.141 1.141 v 5.133 c 0 0.63 -0.511 1.141 -1.141 1.141 h -1.023 h -4.11 c -0.63 0 -1.141 -0.511 -1.141 -1.141 V 14.557 z M 29.168 14.557 c 0 -0.63 0.511 -1.141 1.141 -1.141 h 5.133 c 0.63 0 1.141 0.511 1.141 1.141 v 5.133 c 0 0.63 -0.511 1.141 -1.141 1.141 h -5.133 c -0.63 0 -1.141 -0.511 -1.141 -1.141 V 14.557 z M 12.53 75.443 c 0 0.63 -0.511 1.141 -1.141 1.141 H 6.256 c -0.63 0 -1.141 -0.511 -1.141 -1.141 V 70.31 c 0 -0.63 0.511 -1.141 1.141 -1.141 h 5.133 c 0.63 0 1.141 0.511 1.141 1.141 V 75.443 z M 12.53 19.69 c 0 0.63 -0.511 1.141 -1.141 1.141 H 6.256 c -0.63 0 -1.141 -0.511 -1.141 -1.141 v -5.133 c 0 -0.63 0.511 -1.141 1.141 -1.141 h 5.133 c 0.63 0 1.141 0.511 1.141 1.141 V 19.69 z M 24.556 75.443 c 0 0.63 -0.511 1.141 -1.141 1.141 h -5.133 c -0.63 0 -1.141 -0.511 -1.141 -1.141 V 70.31 c 0 -0.63 0.511 -1.141 1.141 -1.141 h 5.133 c 0.63 0 1.141 0.511 1.141 1.141 V 75.443 z M 24.556 19.69 c 0 0.63 -0.511 1.141 -1.141 1.141 h -5.133 c -0.63 0 -1.141 -0.511 -1.141 -1.141 v -5.133 c 0 -0.63 0.511 -1.141 1.141 -1.141 h 5.133 c 0.63 0 1.141 0.511 1.141 1.141 V 19.69 z M 36.582 75.443 c 0 0.63 -0.511 1.141 -1.141 1.141 h -5.133 c -0.63 0 -1.141 -0.511 -1.141 -1.141 V 70.31 c 0 -0.63 0.511 -1.141 1.141 -1.141 h 5.133 c 0.63 0 1.141 0.511 1.141 1.141 V 75.443 z M 37.339 57.272 c -0.979 0.565 -2.204 -0.141 -2.204 -1.272 V 34 c 0 -1.131 1.224 -1.838 2.204 -1.272 l 19.052 11 c 0.979 0.565 0.979 1.979 0 2.545 L 37.339 57.272 z M 48.806 75.443 c 0 0.63 -0.511 1.141 -1.141 1.141 h -1.023 h -4.11 c -0.63 0 -1.141 -0.511 -1.141 -1.141 V 70.31 c 0 -0.63 0.511 -1.141 1.141 -1.141 h 4.11 h 1.023 c 0.63 0 1.141 0.511 1.141 1.141 V 75.443 z M 60.832 75.443 c 0 0.63 -0.511 1.141 -1.141 1.141 h -5.133 c -0.63 0 -1.141 -0.511 -1.141 -1.141 V 70.31 c 0 -0.63 0.511 -1.141 1.141 -1.141 h 5.133 c 0.63 0 1.141 0.511 1.141 1.141 V 75.443 z M 60.832 19.69 c 0 0.63 -0.511 1.141 -1.141 1.141 h -5.133 c -0.63 0 -1.141 -0.511 -1.141 -1.141 v -5.133 c 0 -0.63 0.511 -1.141 1.141 -1.141 h 5.133 c 0.63 0 1.141 0.511 1.141 1.141 V 19.69 z M 72.859 75.443 c 0 0.63 -0.511 1.141 -1.141 1.141 h -5.133 c -0.63 0 -1.141 -0.511 -1.141 -1.141 V 70.31 c 0 -0.63 0.511 -1.141 1.141 -1.141 h 5.133 c 0.63 0 1.141 0.511 1.141 1.141 V 75.443 z M 72.859 19.69 c 0 0.63 -0.511 1.141 -1.141 1.141 h -5.133 c -0.63 0 -1.141 -0.511 -1.141 -1.141 v -5.133 c 0 -0.63 0.511 -1.141 1.141 -1.141 h 5.133 c 0.63 0 1.141 0.511 1.141 1.141 V 19.69 z M 84.885 75.443 c 0 0.63 -0.511 1.141 -1.141 1.141 h -5.133 c -0.63 0 -1.141 -0.511 -1.141 -1.141 V 70.31 c 0 -0.63 0.511 -1.141 1.141 -1.141 h 5.133 c 0.63 0 1.141 0.511 1.141 1.141 V 75.443 z M 84.885 19.69 c 0 0.63 -0.511 1.141 -1.141 1.141 h -5.133 c -0.63 0 -1.141 -0.511 -1.141 -1.141 v -5.133 c 0 -0.63 0.511 -1.141 1.141 -1.141 h 5.133 c 0.63 0 1.141 0.511 1.141 1.141 V 19.69 z\" style=\"stroke: none; stroke-width: 1; stroke-dasharray: none; stroke-linecap: butt; stroke-linejoin: miter; stroke-miterlimit: 10; fill: rgb(255,255,255); fill-rule: nonzero; opacity: 1;\" transform=\" matrix(1 0 0 1 0 0) \" stroke-linecap=\"round\" />\r\n</g>\r\n</g>\r\n</svg>'),
(21, 'ts', 'video', '', '', '<svg xmlns=\"http://www.w3.org/2000/svg\" xmlns:xlink=\"http://www.w3.org/1999/xlink\" version=\"1.1\" width=\"25\" height=\"25\" viewBox=\"0 0 256 256\" xml:space=\"preserve\">\r\n<desc>Created with Fabric.js 1.7.22</desc>\r\n<defs>\r\n</defs>\r\n<g transform=\"translate(128 128) scale(0.72 0.72)\" style=\"\">\r\n	<g style=\"stroke: none; stroke-width: 0; stroke-dasharray: none; stroke-linecap: butt; stroke-linejoin: miter; stroke-miterlimit: 10; fill: none; fill-rule: nonzero; opacity: 1;\" transform=\"translate(-175.05 -175.05) scale(3.89 3.89)\" >\r\n	<path d=\"M 87.788 9.121 H 46.643 h -7.289 H 2.212 C 0.991 9.121 0 10.112 0 11.334 v 21.545 v 45.788 c 0 1.222 0.991 2.212 2.212 2.212 h 37.141 h 7.289 h 41.145 c 1.222 0 2.212 -0.991 2.212 -2.212 V 32.879 V 11.334 C 90 10.112 89.009 9.121 87.788 9.121 z M 41.392 14.557 c 0 -0.63 0.511 -1.141 1.141 -1.141 h 4.11 h 1.023 c 0.63 0 1.141 0.511 1.141 1.141 v 5.133 c 0 0.63 -0.511 1.141 -1.141 1.141 h -1.023 h -4.11 c -0.63 0 -1.141 -0.511 -1.141 -1.141 V 14.557 z M 29.168 14.557 c 0 -0.63 0.511 -1.141 1.141 -1.141 h 5.133 c 0.63 0 1.141 0.511 1.141 1.141 v 5.133 c 0 0.63 -0.511 1.141 -1.141 1.141 h -5.133 c -0.63 0 -1.141 -0.511 -1.141 -1.141 V 14.557 z M 12.53 75.443 c 0 0.63 -0.511 1.141 -1.141 1.141 H 6.256 c -0.63 0 -1.141 -0.511 -1.141 -1.141 V 70.31 c 0 -0.63 0.511 -1.141 1.141 -1.141 h 5.133 c 0.63 0 1.141 0.511 1.141 1.141 V 75.443 z M 12.53 19.69 c 0 0.63 -0.511 1.141 -1.141 1.141 H 6.256 c -0.63 0 -1.141 -0.511 -1.141 -1.141 v -5.133 c 0 -0.63 0.511 -1.141 1.141 -1.141 h 5.133 c 0.63 0 1.141 0.511 1.141 1.141 V 19.69 z M 24.556 75.443 c 0 0.63 -0.511 1.141 -1.141 1.141 h -5.133 c -0.63 0 -1.141 -0.511 -1.141 -1.141 V 70.31 c 0 -0.63 0.511 -1.141 1.141 -1.141 h 5.133 c 0.63 0 1.141 0.511 1.141 1.141 V 75.443 z M 24.556 19.69 c 0 0.63 -0.511 1.141 -1.141 1.141 h -5.133 c -0.63 0 -1.141 -0.511 -1.141 -1.141 v -5.133 c 0 -0.63 0.511 -1.141 1.141 -1.141 h 5.133 c 0.63 0 1.141 0.511 1.141 1.141 V 19.69 z M 36.582 75.443 c 0 0.63 -0.511 1.141 -1.141 1.141 h -5.133 c -0.63 0 -1.141 -0.511 -1.141 -1.141 V 70.31 c 0 -0.63 0.511 -1.141 1.141 -1.141 h 5.133 c 0.63 0 1.141 0.511 1.141 1.141 V 75.443 z M 37.339 57.272 c -0.979 0.565 -2.204 -0.141 -2.204 -1.272 V 34 c 0 -1.131 1.224 -1.838 2.204 -1.272 l 19.052 11 c 0.979 0.565 0.979 1.979 0 2.545 L 37.339 57.272 z M 48.806 75.443 c 0 0.63 -0.511 1.141 -1.141 1.141 h -1.023 h -4.11 c -0.63 0 -1.141 -0.511 -1.141 -1.141 V 70.31 c 0 -0.63 0.511 -1.141 1.141 -1.141 h 4.11 h 1.023 c 0.63 0 1.141 0.511 1.141 1.141 V 75.443 z M 60.832 75.443 c 0 0.63 -0.511 1.141 -1.141 1.141 h -5.133 c -0.63 0 -1.141 -0.511 -1.141 -1.141 V 70.31 c 0 -0.63 0.511 -1.141 1.141 -1.141 h 5.133 c 0.63 0 1.141 0.511 1.141 1.141 V 75.443 z M 60.832 19.69 c 0 0.63 -0.511 1.141 -1.141 1.141 h -5.133 c -0.63 0 -1.141 -0.511 -1.141 -1.141 v -5.133 c 0 -0.63 0.511 -1.141 1.141 -1.141 h 5.133 c 0.63 0 1.141 0.511 1.141 1.141 V 19.69 z M 72.859 75.443 c 0 0.63 -0.511 1.141 -1.141 1.141 h -5.133 c -0.63 0 -1.141 -0.511 -1.141 -1.141 V 70.31 c 0 -0.63 0.511 -1.141 1.141 -1.141 h 5.133 c 0.63 0 1.141 0.511 1.141 1.141 V 75.443 z M 72.859 19.69 c 0 0.63 -0.511 1.141 -1.141 1.141 h -5.133 c -0.63 0 -1.141 -0.511 -1.141 -1.141 v -5.133 c 0 -0.63 0.511 -1.141 1.141 -1.141 h 5.133 c 0.63 0 1.141 0.511 1.141 1.141 V 19.69 z M 84.885 75.443 c 0 0.63 -0.511 1.141 -1.141 1.141 h -5.133 c -0.63 0 -1.141 -0.511 -1.141 -1.141 V 70.31 c 0 -0.63 0.511 -1.141 1.141 -1.141 h 5.133 c 0.63 0 1.141 0.511 1.141 1.141 V 75.443 z M 84.885 19.69 c 0 0.63 -0.511 1.141 -1.141 1.141 h -5.133 c -0.63 0 -1.141 -0.511 -1.141 -1.141 v -5.133 c 0 -0.63 0.511 -1.141 1.141 -1.141 h 5.133 c 0.63 0 1.141 0.511 1.141 1.141 V 19.69 z\" style=\"stroke: none; stroke-width: 1; stroke-dasharray: none; stroke-linecap: butt; stroke-linejoin: miter; stroke-miterlimit: 10; fill: rgb(255,255,255); fill-rule: nonzero; opacity: 1;\" transform=\" matrix(1 0 0 1 0 0) \" stroke-linecap=\"round\" />\r\n</g>\r\n</g>\r\n</svg>'),
(22, 'asf', 'video', '', '', '<svg xmlns=\"http://www.w3.org/2000/svg\" xmlns:xlink=\"http://www.w3.org/1999/xlink\" version=\"1.1\" width=\"25\" height=\"25\" viewBox=\"0 0 256 256\" xml:space=\"preserve\">\r\n<desc>Created with Fabric.js 1.7.22</desc>\r\n<defs>\r\n</defs>\r\n<g transform=\"translate(128 128) scale(0.72 0.72)\" style=\"\">\r\n	<g style=\"stroke: none; stroke-width: 0; stroke-dasharray: none; stroke-linecap: butt; stroke-linejoin: miter; stroke-miterlimit: 10; fill: none; fill-rule: nonzero; opacity: 1;\" transform=\"translate(-175.05 -175.05) scale(3.89 3.89)\" >\r\n	<path d=\"M 87.788 9.121 H 46.643 h -7.289 H 2.212 C 0.991 9.121 0 10.112 0 11.334 v 21.545 v 45.788 c 0 1.222 0.991 2.212 2.212 2.212 h 37.141 h 7.289 h 41.145 c 1.222 0 2.212 -0.991 2.212 -2.212 V 32.879 V 11.334 C 90 10.112 89.009 9.121 87.788 9.121 z M 41.392 14.557 c 0 -0.63 0.511 -1.141 1.141 -1.141 h 4.11 h 1.023 c 0.63 0 1.141 0.511 1.141 1.141 v 5.133 c 0 0.63 -0.511 1.141 -1.141 1.141 h -1.023 h -4.11 c -0.63 0 -1.141 -0.511 -1.141 -1.141 V 14.557 z M 29.168 14.557 c 0 -0.63 0.511 -1.141 1.141 -1.141 h 5.133 c 0.63 0 1.141 0.511 1.141 1.141 v 5.133 c 0 0.63 -0.511 1.141 -1.141 1.141 h -5.133 c -0.63 0 -1.141 -0.511 -1.141 -1.141 V 14.557 z M 12.53 75.443 c 0 0.63 -0.511 1.141 -1.141 1.141 H 6.256 c -0.63 0 -1.141 -0.511 -1.141 -1.141 V 70.31 c 0 -0.63 0.511 -1.141 1.141 -1.141 h 5.133 c 0.63 0 1.141 0.511 1.141 1.141 V 75.443 z M 12.53 19.69 c 0 0.63 -0.511 1.141 -1.141 1.141 H 6.256 c -0.63 0 -1.141 -0.511 -1.141 -1.141 v -5.133 c 0 -0.63 0.511 -1.141 1.141 -1.141 h 5.133 c 0.63 0 1.141 0.511 1.141 1.141 V 19.69 z M 24.556 75.443 c 0 0.63 -0.511 1.141 -1.141 1.141 h -5.133 c -0.63 0 -1.141 -0.511 -1.141 -1.141 V 70.31 c 0 -0.63 0.511 -1.141 1.141 -1.141 h 5.133 c 0.63 0 1.141 0.511 1.141 1.141 V 75.443 z M 24.556 19.69 c 0 0.63 -0.511 1.141 -1.141 1.141 h -5.133 c -0.63 0 -1.141 -0.511 -1.141 -1.141 v -5.133 c 0 -0.63 0.511 -1.141 1.141 -1.141 h 5.133 c 0.63 0 1.141 0.511 1.141 1.141 V 19.69 z M 36.582 75.443 c 0 0.63 -0.511 1.141 -1.141 1.141 h -5.133 c -0.63 0 -1.141 -0.511 -1.141 -1.141 V 70.31 c 0 -0.63 0.511 -1.141 1.141 -1.141 h 5.133 c 0.63 0 1.141 0.511 1.141 1.141 V 75.443 z M 37.339 57.272 c -0.979 0.565 -2.204 -0.141 -2.204 -1.272 V 34 c 0 -1.131 1.224 -1.838 2.204 -1.272 l 19.052 11 c 0.979 0.565 0.979 1.979 0 2.545 L 37.339 57.272 z M 48.806 75.443 c 0 0.63 -0.511 1.141 -1.141 1.141 h -1.023 h -4.11 c -0.63 0 -1.141 -0.511 -1.141 -1.141 V 70.31 c 0 -0.63 0.511 -1.141 1.141 -1.141 h 4.11 h 1.023 c 0.63 0 1.141 0.511 1.141 1.141 V 75.443 z M 60.832 75.443 c 0 0.63 -0.511 1.141 -1.141 1.141 h -5.133 c -0.63 0 -1.141 -0.511 -1.141 -1.141 V 70.31 c 0 -0.63 0.511 -1.141 1.141 -1.141 h 5.133 c 0.63 0 1.141 0.511 1.141 1.141 V 75.443 z M 60.832 19.69 c 0 0.63 -0.511 1.141 -1.141 1.141 h -5.133 c -0.63 0 -1.141 -0.511 -1.141 -1.141 v -5.133 c 0 -0.63 0.511 -1.141 1.141 -1.141 h 5.133 c 0.63 0 1.141 0.511 1.141 1.141 V 19.69 z M 72.859 75.443 c 0 0.63 -0.511 1.141 -1.141 1.141 h -5.133 c -0.63 0 -1.141 -0.511 -1.141 -1.141 V 70.31 c 0 -0.63 0.511 -1.141 1.141 -1.141 h 5.133 c 0.63 0 1.141 0.511 1.141 1.141 V 75.443 z M 72.859 19.69 c 0 0.63 -0.511 1.141 -1.141 1.141 h -5.133 c -0.63 0 -1.141 -0.511 -1.141 -1.141 v -5.133 c 0 -0.63 0.511 -1.141 1.141 -1.141 h 5.133 c 0.63 0 1.141 0.511 1.141 1.141 V 19.69 z M 84.885 75.443 c 0 0.63 -0.511 1.141 -1.141 1.141 h -5.133 c -0.63 0 -1.141 -0.511 -1.141 -1.141 V 70.31 c 0 -0.63 0.511 -1.141 1.141 -1.141 h 5.133 c 0.63 0 1.141 0.511 1.141 1.141 V 75.443 z M 84.885 19.69 c 0 0.63 -0.511 1.141 -1.141 1.141 h -5.133 c -0.63 0 -1.141 -0.511 -1.141 -1.141 v -5.133 c 0 -0.63 0.511 -1.141 1.141 -1.141 h 5.133 c 0.63 0 1.141 0.511 1.141 1.141 V 19.69 z\" style=\"stroke: none; stroke-width: 1; stroke-dasharray: none; stroke-linecap: butt; stroke-linejoin: miter; stroke-miterlimit: 10; fill: rgb(255,255,255); fill-rule: nonzero; opacity: 1;\" transform=\" matrix(1 0 0 1 0 0) \" stroke-linecap=\"round\" />\r\n</g>\r\n</g>\r\n</svg>'),
(23, 'dat', 'video', '', '', '<svg xmlns=\"http://www.w3.org/2000/svg\" xmlns:xlink=\"http://www.w3.org/1999/xlink\" version=\"1.1\" width=\"25\" height=\"25\" viewBox=\"0 0 256 256\" xml:space=\"preserve\">\r\n<desc>Created with Fabric.js 1.7.22</desc>\r\n<defs>\r\n</defs>\r\n<g transform=\"translate(128 128) scale(0.72 0.72)\" style=\"\">\r\n	<g style=\"stroke: none; stroke-width: 0; stroke-dasharray: none; stroke-linecap: butt; stroke-linejoin: miter; stroke-miterlimit: 10; fill: none; fill-rule: nonzero; opacity: 1;\" transform=\"translate(-175.05 -175.05) scale(3.89 3.89)\" >\r\n	<path d=\"M 87.788 9.121 H 46.643 h -7.289 H 2.212 C 0.991 9.121 0 10.112 0 11.334 v 21.545 v 45.788 c 0 1.222 0.991 2.212 2.212 2.212 h 37.141 h 7.289 h 41.145 c 1.222 0 2.212 -0.991 2.212 -2.212 V 32.879 V 11.334 C 90 10.112 89.009 9.121 87.788 9.121 z M 41.392 14.557 c 0 -0.63 0.511 -1.141 1.141 -1.141 h 4.11 h 1.023 c 0.63 0 1.141 0.511 1.141 1.141 v 5.133 c 0 0.63 -0.511 1.141 -1.141 1.141 h -1.023 h -4.11 c -0.63 0 -1.141 -0.511 -1.141 -1.141 V 14.557 z M 29.168 14.557 c 0 -0.63 0.511 -1.141 1.141 -1.141 h 5.133 c 0.63 0 1.141 0.511 1.141 1.141 v 5.133 c 0 0.63 -0.511 1.141 -1.141 1.141 h -5.133 c -0.63 0 -1.141 -0.511 -1.141 -1.141 V 14.557 z M 12.53 75.443 c 0 0.63 -0.511 1.141 -1.141 1.141 H 6.256 c -0.63 0 -1.141 -0.511 -1.141 -1.141 V 70.31 c 0 -0.63 0.511 -1.141 1.141 -1.141 h 5.133 c 0.63 0 1.141 0.511 1.141 1.141 V 75.443 z M 12.53 19.69 c 0 0.63 -0.511 1.141 -1.141 1.141 H 6.256 c -0.63 0 -1.141 -0.511 -1.141 -1.141 v -5.133 c 0 -0.63 0.511 -1.141 1.141 -1.141 h 5.133 c 0.63 0 1.141 0.511 1.141 1.141 V 19.69 z M 24.556 75.443 c 0 0.63 -0.511 1.141 -1.141 1.141 h -5.133 c -0.63 0 -1.141 -0.511 -1.141 -1.141 V 70.31 c 0 -0.63 0.511 -1.141 1.141 -1.141 h 5.133 c 0.63 0 1.141 0.511 1.141 1.141 V 75.443 z M 24.556 19.69 c 0 0.63 -0.511 1.141 -1.141 1.141 h -5.133 c -0.63 0 -1.141 -0.511 -1.141 -1.141 v -5.133 c 0 -0.63 0.511 -1.141 1.141 -1.141 h 5.133 c 0.63 0 1.141 0.511 1.141 1.141 V 19.69 z M 36.582 75.443 c 0 0.63 -0.511 1.141 -1.141 1.141 h -5.133 c -0.63 0 -1.141 -0.511 -1.141 -1.141 V 70.31 c 0 -0.63 0.511 -1.141 1.141 -1.141 h 5.133 c 0.63 0 1.141 0.511 1.141 1.141 V 75.443 z M 37.339 57.272 c -0.979 0.565 -2.204 -0.141 -2.204 -1.272 V 34 c 0 -1.131 1.224 -1.838 2.204 -1.272 l 19.052 11 c 0.979 0.565 0.979 1.979 0 2.545 L 37.339 57.272 z M 48.806 75.443 c 0 0.63 -0.511 1.141 -1.141 1.141 h -1.023 h -4.11 c -0.63 0 -1.141 -0.511 -1.141 -1.141 V 70.31 c 0 -0.63 0.511 -1.141 1.141 -1.141 h 4.11 h 1.023 c 0.63 0 1.141 0.511 1.141 1.141 V 75.443 z M 60.832 75.443 c 0 0.63 -0.511 1.141 -1.141 1.141 h -5.133 c -0.63 0 -1.141 -0.511 -1.141 -1.141 V 70.31 c 0 -0.63 0.511 -1.141 1.141 -1.141 h 5.133 c 0.63 0 1.141 0.511 1.141 1.141 V 75.443 z M 60.832 19.69 c 0 0.63 -0.511 1.141 -1.141 1.141 h -5.133 c -0.63 0 -1.141 -0.511 -1.141 -1.141 v -5.133 c 0 -0.63 0.511 -1.141 1.141 -1.141 h 5.133 c 0.63 0 1.141 0.511 1.141 1.141 V 19.69 z M 72.859 75.443 c 0 0.63 -0.511 1.141 -1.141 1.141 h -5.133 c -0.63 0 -1.141 -0.511 -1.141 -1.141 V 70.31 c 0 -0.63 0.511 -1.141 1.141 -1.141 h 5.133 c 0.63 0 1.141 0.511 1.141 1.141 V 75.443 z M 72.859 19.69 c 0 0.63 -0.511 1.141 -1.141 1.141 h -5.133 c -0.63 0 -1.141 -0.511 -1.141 -1.141 v -5.133 c 0 -0.63 0.511 -1.141 1.141 -1.141 h 5.133 c 0.63 0 1.141 0.511 1.141 1.141 V 19.69 z M 84.885 75.443 c 0 0.63 -0.511 1.141 -1.141 1.141 h -5.133 c -0.63 0 -1.141 -0.511 -1.141 -1.141 V 70.31 c 0 -0.63 0.511 -1.141 1.141 -1.141 h 5.133 c 0.63 0 1.141 0.511 1.141 1.141 V 75.443 z M 84.885 19.69 c 0 0.63 -0.511 1.141 -1.141 1.141 h -5.133 c -0.63 0 -1.141 -0.511 -1.141 -1.141 v -5.133 c 0 -0.63 0.511 -1.141 1.141 -1.141 h 5.133 c 0.63 0 1.141 0.511 1.141 1.141 V 19.69 z\" style=\"stroke: none; stroke-width: 1; stroke-dasharray: none; stroke-linecap: butt; stroke-linejoin: miter; stroke-miterlimit: 10; fill: rgb(255,255,255); fill-rule: nonzero; opacity: 1;\" transform=\" matrix(1 0 0 1 0 0) \" stroke-linecap=\"round\" />\r\n</g>\r\n</g>\r\n</svg>'),
(24, 'wav', 'audio', 'data:image/png;base64,iVBORw0KGgoAAAANSUhEUgAAADIAAAAyCAYAAAAeP4ixAAAABmJLR0QA/wD/AP+gvaeTAAAC5ElEQVRoge2YzatVZRTGfysUJD/Lr0QoQ7IGdyAIkoIDcRLoRHDguCAaWf9CGIT/gCANmtXgRqk4CPEDPzBJQRG/QC83b0nSGakhGFd/Ds46eKRzzzmevfdtJ/uZ7L3Xu87zrGe/77v32gca1AvRb1C1It0jwK6IeFwW4WtlEb0kdgA/qfNmRc1EFZyJk+qCMvn7ilbBqd7L4wl1fpkaM4pWwam+r/6e52fVRWXq9BStilNdo05k6KK6tEytnqJVcapvq7cyfEldVqZeT9GqONW31Gs5dF1dVabmrBnJ+Er1Sg7fVFdXLloVp/qmeiFTJtV3KxetilNdop7PtDvq2spFq+JUF6vnMnVKfa9y0ao41fnq8Uy/p471yx+qaYyIvnkvgwI35q+IWDnT4P/JSN865oxKOipGuSnDmP+v2vjS0RipGxojdUOhp5b6BbAZOBARxzN2AHgD+Dwi/lS/BNbkTyaBbyLiru2vwm2Zey4ibhWpZVChg/qinzNlf16v8Dk2ZKylPlGvqk/V37IF+aor9x91+6h1QPGl1fmi25zHTV1jS7rOH0TEGLAfeAf4CPg2zz8F5gIfFymk6AtxKdACxtSFtI20gOW8aKSDyTzOi4gJAHUqY1M98svBEEvrvjqeaVvVo+oPef1J5rTUh+pO9bb6uNOaq4fVafVXdfGodUCBpaXOBRYCl4H7wEZgPXAmU7pnZAHwI7AM+KwzG8BV2rO0Adg9ai3DFDvjnbD9na26Rz2m/pKben3G92ZeS32gfqD+aynnxn+k/jFKHR0U2eydjf4QOA18CFwB7mS8e0aeRMTNiJjuKq7TPAYgAzrxQSiy2TtG/qZtBOAUbWPQe7N346DtP+XWAa8DXxeopZCRR8A4MAHcAPYB4xExrX5He3YADtN75s8DW4CzwCHg+wK19Mcwa3M2MBsvxNqgMVI3NEbqhsZI3dAYqRsaI3XDK2NkqO63Do3jILwyM9KgbngGFknacqyldx4AAAAASUVORK5CYII=', 'data:image/png;base64,iVBORw0KGgoAAAANSUhEUgAAADIAAAAyCAYAAAAeP4ixAAAABmJLR0QA/wD/AP+gvaeTAAAC5ElEQVRoge2YzatVZRTGfysUJD/Lr0QoQ7IGdyAIkoIDcRLoRHDguCAaWf9CGIT/gCANmtXgRqk4CPEDPzBJQRG/QC83b0nSGakhGFd/Ds46eKRzzzmevfdtJ/uZ7L3Xu87zrGe/77v32gca1AvRb1C1It0jwK6IeFwW4WtlEb0kdgA/qfNmRc1EFZyJk+qCMvn7ilbBqd7L4wl1fpkaM4pWwam+r/6e52fVRWXq9BStilNdo05k6KK6tEytnqJVcapvq7cyfEldVqZeT9GqONW31Gs5dF1dVabmrBnJ+Er1Sg7fVFdXLloVp/qmeiFTJtV3KxetilNdop7PtDvq2spFq+JUF6vnMnVKfa9y0ao41fnq8Uy/p471yx+qaYyIvnkvgwI35q+IWDnT4P/JSN865oxKOipGuSnDmP+v2vjS0RipGxojdUOhp5b6BbAZOBARxzN2AHgD+Dwi/lS/BNbkTyaBbyLiru2vwm2Zey4ibhWpZVChg/qinzNlf16v8Dk2ZKylPlGvqk/V37IF+aor9x91+6h1QPGl1fmi25zHTV1jS7rOH0TEGLAfeAf4CPg2zz8F5gIfFymk6AtxKdACxtSFtI20gOW8aKSDyTzOi4gJAHUqY1M98svBEEvrvjqeaVvVo+oPef1J5rTUh+pO9bb6uNOaq4fVafVXdfGodUCBpaXOBRYCl4H7wEZgPXAmU7pnZAHwI7AM+KwzG8BV2rO0Adg9ai3DFDvjnbD9na26Rz2m/pKben3G92ZeS32gfqD+aynnxn+k/jFKHR0U2eydjf4QOA18CFwB7mS8e0aeRMTNiJjuKq7TPAYgAzrxQSiy2TtG/qZtBOAUbWPQe7N346DtP+XWAa8DXxeopZCRR8A4MAHcAPYB4xExrX5He3YADtN75s8DW4CzwCHg+wK19Mcwa3M2MBsvxNqgMVI3NEbqhsZI3dAYqRsaI3XDK2NkqO63Do3jILwyM9KgbngGFknacqyldx4AAAAASUVORK5CYII=', '<svg xmlns=\"http://www.w3.org/2000/svg\" xmlns:xlink=\"http://www.w3.org/1999/xlink\" version=\"1.1\" width=\"25\" height=\"25\" viewBox=\"0 0 256 256\" xml:space=\"preserve\">\r\n<desc>Created with Fabric.js 1.7.22</desc>\r\n<defs>\r\n</defs>\r\n<g transform=\"translate(128 128) scale(0.72 0.72)\" style=\"\">\r\n	<g style=\"stroke: none; stroke-width: 0; stroke-dasharray: none; stroke-linecap: butt; stroke-linejoin: miter; stroke-miterlimit: 10; fill: none; fill-rule: nonzero; opacity: 1;\" transform=\"translate(-175.05 -175.05) scale(3.89 3.89)\" >\r\n	<path d=\"M 80.163 0 H 9.837 C 4.404 0 0 4.404 0 9.837 v 70.325 C 0 85.596 4.404 90 9.837 90 h 70.325 C 85.596 90 90 85.596 90 80.163 V 9.837 C 90 4.404 85.596 0 80.163 0 z M 59.578 45.15 c -0.128 0.609 -0.618 1.076 -1.232 1.173 c -0.079 0.013 -0.158 0.019 -0.235 0.019 c -0.531 0 -1.03 -0.282 -1.301 -0.752 c -1.969 -3.427 -4.074 -5.511 -6.37 -6.298 v 21.928 h -0.001 c 0.011 4.291 -3.949 8.147 -9.251 8.808 c -0.527 0.065 -1.048 0.098 -1.562 0.098 c -4.991 0 -9.202 -3.009 -9.724 -7.195 c -0.288 -2.306 0.557 -4.589 2.379 -6.43 c 1.727 -1.745 4.148 -2.889 6.819 -3.222 c 2.299 -0.286 4.497 0.081 6.34 0.919 V 37.537 v -0.75 V 21.375 c 0 -0.829 0.672 -1.5 1.5 -1.5 s 1.5 0.671 1.5 1.5 c 0 4.336 2.222 5.82 5.034 7.699 C 57.178 31.549 61.787 34.628 59.578 45.15 z\" style=\"stroke: none; stroke-width: 1; stroke-dasharray: none; stroke-linecap: butt; stroke-linejoin: miter; stroke-miterlimit: 10; fill: rgb(255,255,255); fill-rule: nonzero; opacity: 1;\" transform=\" matrix(1 0 0 1 0 0) \" stroke-linecap=\"round\" />\r\n</g>\r\n</g>\r\n</svg>'),
(25, 'wma', 'audio', 'data:image/png;base64,iVBORw0KGgoAAAANSUhEUgAAADIAAAAyCAYAAAAeP4ixAAAABmJLR0QA/wD/AP+gvaeTAAAC5ElEQVRoge2YzatVZRTGfysUJD/Lr0QoQ7IGdyAIkoIDcRLoRHDguCAaWf9CGIT/gCANmtXgRqk4CPEDPzBJQRG/QC83b0nSGakhGFd/Ds46eKRzzzmevfdtJ/uZ7L3Xu87zrGe/77v32gca1AvRb1C1It0jwK6IeFwW4WtlEb0kdgA/qfNmRc1EFZyJk+qCMvn7ilbBqd7L4wl1fpkaM4pWwam+r/6e52fVRWXq9BStilNdo05k6KK6tEytnqJVcapvq7cyfEldVqZeT9GqONW31Gs5dF1dVabmrBnJ+Er1Sg7fVFdXLloVp/qmeiFTJtV3KxetilNdop7PtDvq2spFq+JUF6vnMnVKfa9y0ao41fnq8Uy/p471yx+qaYyIvnkvgwI35q+IWDnT4P/JSN865oxKOipGuSnDmP+v2vjS0RipGxojdUOhp5b6BbAZOBARxzN2AHgD+Dwi/lS/BNbkTyaBbyLiru2vwm2Zey4ibhWpZVChg/qinzNlf16v8Dk2ZKylPlGvqk/V37IF+aor9x91+6h1QPGl1fmi25zHTV1jS7rOH0TEGLAfeAf4CPg2zz8F5gIfFymk6AtxKdACxtSFtI20gOW8aKSDyTzOi4gJAHUqY1M98svBEEvrvjqeaVvVo+oPef1J5rTUh+pO9bb6uNOaq4fVafVXdfGodUCBpaXOBRYCl4H7wEZgPXAmU7pnZAHwI7AM+KwzG8BV2rO0Adg9ai3DFDvjnbD9na26Rz2m/pKben3G92ZeS32gfqD+aynnxn+k/jFKHR0U2eydjf4QOA18CFwB7mS8e0aeRMTNiJjuKq7TPAYgAzrxQSiy2TtG/qZtBOAUbWPQe7N346DtP+XWAa8DXxeopZCRR8A4MAHcAPYB4xExrX5He3YADtN75s8DW4CzwCHg+wK19Mcwa3M2MBsvxNqgMVI3NEbqhsZI3dAYqRsaI3XDK2NkqO63Do3jILwyM9KgbngGFknacqyldx4AAAAASUVORK5CYII=', 'data:image/png;base64,iVBORw0KGgoAAAANSUhEUgAAADIAAAAyCAYAAAAeP4ixAAAABmJLR0QA/wD/AP+gvaeTAAAC5ElEQVRoge2YzatVZRTGfysUJD/Lr0QoQ7IGdyAIkoIDcRLoRHDguCAaWf9CGIT/gCANmtXgRqk4CPEDPzBJQRG/QC83b0nSGakhGFd/Ds46eKRzzzmevfdtJ/uZ7L3Xu87zrGe/77v32gca1AvRb1C1It0jwK6IeFwW4WtlEb0kdgA/qfNmRc1EFZyJk+qCMvn7ilbBqd7L4wl1fpkaM4pWwam+r/6e52fVRWXq9BStilNdo05k6KK6tEytnqJVcapvq7cyfEldVqZeT9GqONW31Gs5dF1dVabmrBnJ+Er1Sg7fVFdXLloVp/qmeiFTJtV3KxetilNdop7PtDvq2spFq+JUF6vnMnVKfa9y0ao41fnq8Uy/p471yx+qaYyIvnkvgwI35q+IWDnT4P/JSN865oxKOipGuSnDmP+v2vjS0RipGxojdUOhp5b6BbAZOBARxzN2AHgD+Dwi/lS/BNbkTyaBbyLiru2vwm2Zey4ibhWpZVChg/qinzNlf16v8Dk2ZKylPlGvqk/V37IF+aor9x91+6h1QPGl1fmi25zHTV1jS7rOH0TEGLAfeAf4CPg2zz8F5gIfFymk6AtxKdACxtSFtI20gOW8aKSDyTzOi4gJAHUqY1M98svBEEvrvjqeaVvVo+oPef1J5rTUh+pO9bb6uNOaq4fVafVXdfGodUCBpaXOBRYCl4H7wEZgPXAmU7pnZAHwI7AM+KwzG8BV2rO0Adg9ai3DFDvjnbD9na26Rz2m/pKben3G92ZeS32gfqD+aynnxn+k/jFKHR0U2eydjf4QOA18CFwB7mS8e0aeRMTNiJjuKq7TPAYgAzrxQSiy2TtG/qZtBOAUbWPQe7N346DtP+XWAa8DXxeopZCRR8A4MAHcAPYB4xExrX5He3YADtN75s8DW4CzwCHg+wK19Mcwa3M2MBsvxNqgMVI3NEbqhsZI3dAYqRsaI3XDK2NkqO63Do3jILwyM9KgbngGFknacqyldx4AAAAASUVORK5CYII=', '<svg xmlns=\"http://www.w3.org/2000/svg\" xmlns:xlink=\"http://www.w3.org/1999/xlink\" version=\"1.1\" width=\"25\" height=\"25\" viewBox=\"0 0 256 256\" xml:space=\"preserve\">\r\n<desc>Created with Fabric.js 1.7.22</desc>\r\n<defs>\r\n</defs>\r\n<g transform=\"translate(128 128) scale(0.72 0.72)\" style=\"\">\r\n	<g style=\"stroke: none; stroke-width: 0; stroke-dasharray: none; stroke-linecap: butt; stroke-linejoin: miter; stroke-miterlimit: 10; fill: none; fill-rule: nonzero; opacity: 1;\" transform=\"translate(-175.05 -175.05) scale(3.89 3.89)\" >\r\n	<path d=\"M 80.163 0 H 9.837 C 4.404 0 0 4.404 0 9.837 v 70.325 C 0 85.596 4.404 90 9.837 90 h 70.325 C 85.596 90 90 85.596 90 80.163 V 9.837 C 90 4.404 85.596 0 80.163 0 z M 59.578 45.15 c -0.128 0.609 -0.618 1.076 -1.232 1.173 c -0.079 0.013 -0.158 0.019 -0.235 0.019 c -0.531 0 -1.03 -0.282 -1.301 -0.752 c -1.969 -3.427 -4.074 -5.511 -6.37 -6.298 v 21.928 h -0.001 c 0.011 4.291 -3.949 8.147 -9.251 8.808 c -0.527 0.065 -1.048 0.098 -1.562 0.098 c -4.991 0 -9.202 -3.009 -9.724 -7.195 c -0.288 -2.306 0.557 -4.589 2.379 -6.43 c 1.727 -1.745 4.148 -2.889 6.819 -3.222 c 2.299 -0.286 4.497 0.081 6.34 0.919 V 37.537 v -0.75 V 21.375 c 0 -0.829 0.672 -1.5 1.5 -1.5 s 1.5 0.671 1.5 1.5 c 0 4.336 2.222 5.82 5.034 7.699 C 57.178 31.549 61.787 34.628 59.578 45.15 z\" style=\"stroke: none; stroke-width: 1; stroke-dasharray: none; stroke-linecap: butt; stroke-linejoin: miter; stroke-miterlimit: 10; fill: rgb(255,255,255); fill-rule: nonzero; opacity: 1;\" transform=\" matrix(1 0 0 1 0 0) \" stroke-linecap=\"round\" />\r\n</g>\r\n</g>\r\n</svg>'),
(26, 'ogg', 'audio', 'data:image/png;base64,iVBORw0KGgoAAAANSUhEUgAAADIAAAAyCAYAAAAeP4ixAAAABmJLR0QA/wD/AP+gvaeTAAAC5ElEQVRoge2YzatVZRTGfysUJD/Lr0QoQ7IGdyAIkoIDcRLoRHDguCAaWf9CGIT/gCANmtXgRqk4CPEDPzBJQRG/QC83b0nSGakhGFd/Ds46eKRzzzmevfdtJ/uZ7L3Xu87zrGe/77v32gca1AvRb1C1It0jwK6IeFwW4WtlEb0kdgA/qfNmRc1EFZyJk+qCMvn7ilbBqd7L4wl1fpkaM4pWwam+r/6e52fVRWXq9BStilNdo05k6KK6tEytnqJVcapvq7cyfEldVqZeT9GqONW31Gs5dF1dVabmrBnJ+Er1Sg7fVFdXLloVp/qmeiFTJtV3KxetilNdop7PtDvq2spFq+JUF6vnMnVKfa9y0ao41fnq8Uy/p471yx+qaYyIvnkvgwI35q+IWDnT4P/JSN865oxKOipGuSnDmP+v2vjS0RipGxojdUOhp5b6BbAZOBARxzN2AHgD+Dwi/lS/BNbkTyaBbyLiru2vwm2Zey4ibhWpZVChg/qinzNlf16v8Dk2ZKylPlGvqk/V37IF+aor9x91+6h1QPGl1fmi25zHTV1jS7rOH0TEGLAfeAf4CPg2zz8F5gIfFymk6AtxKdACxtSFtI20gOW8aKSDyTzOi4gJAHUqY1M98svBEEvrvjqeaVvVo+oPef1J5rTUh+pO9bb6uNOaq4fVafVXdfGodUCBpaXOBRYCl4H7wEZgPXAmU7pnZAHwI7AM+KwzG8BV2rO0Adg9ai3DFDvjnbD9na26Rz2m/pKben3G92ZeS32gfqD+aynnxn+k/jFKHR0U2eydjf4QOA18CFwB7mS8e0aeRMTNiJjuKq7TPAYgAzrxQSiy2TtG/qZtBOAUbWPQe7N346DtP+XWAa8DXxeopZCRR8A4MAHcAPYB4xExrX5He3YADtN75s8DW4CzwCHg+wK19Mcwa3M2MBsvxNqgMVI3NEbqhsZI3dAYqRsaI3XDK2NkqO63Do3jILwyM9KgbngGFknacqyldx4AAAAASUVORK5CYII=', 'data:image/png;base64,iVBORw0KGgoAAAANSUhEUgAAADIAAAAyCAYAAAAeP4ixAAAABmJLR0QA/wD/AP+gvaeTAAAC5ElEQVRoge2YzatVZRTGfysUJD/Lr0QoQ7IGdyAIkoIDcRLoRHDguCAaWf9CGIT/gCANmtXgRqk4CPEDPzBJQRG/QC83b0nSGakhGFd/Ds46eKRzzzmevfdtJ/uZ7L3Xu87zrGe/77v32gca1AvRb1C1It0jwK6IeFwW4WtlEb0kdgA/qfNmRc1EFZyJk+qCMvn7ilbBqd7L4wl1fpkaM4pWwam+r/6e52fVRWXq9BStilNdo05k6KK6tEytnqJVcapvq7cyfEldVqZeT9GqONW31Gs5dF1dVabmrBnJ+Er1Sg7fVFdXLloVp/qmeiFTJtV3KxetilNdop7PtDvq2spFq+JUF6vnMnVKfa9y0ao41fnq8Uy/p471yx+qaYyIvnkvgwI35q+IWDnT4P/JSN865oxKOipGuSnDmP+v2vjS0RipGxojdUOhp5b6BbAZOBARxzN2AHgD+Dwi/lS/BNbkTyaBbyLiru2vwm2Zey4ibhWpZVChg/qinzNlf16v8Dk2ZKylPlGvqk/V37IF+aor9x91+6h1QPGl1fmi25zHTV1jS7rOH0TEGLAfeAf4CPg2zz8F5gIfFymk6AtxKdACxtSFtI20gOW8aKSDyTzOi4gJAHUqY1M98svBEEvrvjqeaVvVo+oPef1J5rTUh+pO9bb6uNOaq4fVafVXdfGodUCBpaXOBRYCl4H7wEZgPXAmU7pnZAHwI7AM+KwzG8BV2rO0Adg9ai3DFDvjnbD9na26Rz2m/pKben3G92ZeS32gfqD+aynnxn+k/jFKHR0U2eydjf4QOA18CFwB7mS8e0aeRMTNiJjuKq7TPAYgAzrxQSiy2TtG/qZtBOAUbWPQe7N346DtP+XWAa8DXxeopZCRR8A4MAHcAPYB4xExrX5He3YADtN75s8DW4CzwCHg+wK19Mcwa3M2MBsvxNqgMVI3NEbqhsZI3dAYqRsaI3XDK2NkqO63Do3jILwyM9KgbngGFknacqyldx4AAAAASUVORK5CYII=', '<svg xmlns=\"http://www.w3.org/2000/svg\" xmlns:xlink=\"http://www.w3.org/1999/xlink\" version=\"1.1\" width=\"25\" height=\"25\" viewBox=\"0 0 256 256\" xml:space=\"preserve\">\r\n<desc>Created with Fabric.js 1.7.22</desc>\r\n<defs>\r\n</defs>\r\n<g transform=\"translate(128 128) scale(0.72 0.72)\" style=\"\">\r\n	<g style=\"stroke: none; stroke-width: 0; stroke-dasharray: none; stroke-linecap: butt; stroke-linejoin: miter; stroke-miterlimit: 10; fill: none; fill-rule: nonzero; opacity: 1;\" transform=\"translate(-175.05 -175.05) scale(3.89 3.89)\" >\r\n	<path d=\"M 80.163 0 H 9.837 C 4.404 0 0 4.404 0 9.837 v 70.325 C 0 85.596 4.404 90 9.837 90 h 70.325 C 85.596 90 90 85.596 90 80.163 V 9.837 C 90 4.404 85.596 0 80.163 0 z M 59.578 45.15 c -0.128 0.609 -0.618 1.076 -1.232 1.173 c -0.079 0.013 -0.158 0.019 -0.235 0.019 c -0.531 0 -1.03 -0.282 -1.301 -0.752 c -1.969 -3.427 -4.074 -5.511 -6.37 -6.298 v 21.928 h -0.001 c 0.011 4.291 -3.949 8.147 -9.251 8.808 c -0.527 0.065 -1.048 0.098 -1.562 0.098 c -4.991 0 -9.202 -3.009 -9.724 -7.195 c -0.288 -2.306 0.557 -4.589 2.379 -6.43 c 1.727 -1.745 4.148 -2.889 6.819 -3.222 c 2.299 -0.286 4.497 0.081 6.34 0.919 V 37.537 v -0.75 V 21.375 c 0 -0.829 0.672 -1.5 1.5 -1.5 s 1.5 0.671 1.5 1.5 c 0 4.336 2.222 5.82 5.034 7.699 C 57.178 31.549 61.787 34.628 59.578 45.15 z\" style=\"stroke: none; stroke-width: 1; stroke-dasharray: none; stroke-linecap: butt; stroke-linejoin: miter; stroke-miterlimit: 10; fill: rgb(255,255,255); fill-rule: nonzero; opacity: 1;\" transform=\" matrix(1 0 0 1 0 0) \" stroke-linecap=\"round\" />\r\n</g>\r\n</g>\r\n</svg>'),
(27, 'flac', 'audio', 'data:image/png;base64,iVBORw0KGgoAAAANSUhEUgAAADIAAAAyCAYAAAAeP4ixAAAABmJLR0QA/wD/AP+gvaeTAAAC5ElEQVRoge2YzatVZRTGfysUJD/Lr0QoQ7IGdyAIkoIDcRLoRHDguCAaWf9CGIT/gCANmtXgRqk4CPEDPzBJQRG/QC83b0nSGakhGFd/Ds46eKRzzzmevfdtJ/uZ7L3Xu87zrGe/77v32gca1AvRb1C1It0jwK6IeFwW4WtlEb0kdgA/qfNmRc1EFZyJk+qCMvn7ilbBqd7L4wl1fpkaM4pWwam+r/6e52fVRWXq9BStilNdo05k6KK6tEytnqJVcapvq7cyfEldVqZeT9GqONW31Gs5dF1dVabmrBnJ+Er1Sg7fVFdXLloVp/qmeiFTJtV3KxetilNdop7PtDvq2spFq+JUF6vnMnVKfa9y0ao41fnq8Uy/p471yx+qaYyIvnkvgwI35q+IWDnT4P/JSN865oxKOipGuSnDmP+v2vjS0RipGxojdUOhp5b6BbAZOBARxzN2AHgD+Dwi/lS/BNbkTyaBbyLiru2vwm2Zey4ibhWpZVChg/qinzNlf16v8Dk2ZKylPlGvqk/V37IF+aor9x91+6h1QPGl1fmi25zHTV1jS7rOH0TEGLAfeAf4CPg2zz8F5gIfFymk6AtxKdACxtSFtI20gOW8aKSDyTzOi4gJAHUqY1M98svBEEvrvjqeaVvVo+oPef1J5rTUh+pO9bb6uNOaq4fVafVXdfGodUCBpaXOBRYCl4H7wEZgPXAmU7pnZAHwI7AM+KwzG8BV2rO0Adg9ai3DFDvjnbD9na26Rz2m/pKben3G92ZeS32gfqD+aynnxn+k/jFKHR0U2eydjf4QOA18CFwB7mS8e0aeRMTNiJjuKq7TPAYgAzrxQSiy2TtG/qZtBOAUbWPQe7N346DtP+XWAa8DXxeopZCRR8A4MAHcAPYB4xExrX5He3YADtN75s8DW4CzwCHg+wK19Mcwa3M2MBsvxNqgMVI3NEbqhsZI3dAYqRsaI3XDK2NkqO63Do3jILwyM9KgbngGFknacqyldx4AAAAASUVORK5CYII=', 'data:image/png;base64,iVBORw0KGgoAAAANSUhEUgAAADIAAAAyCAYAAAAeP4ixAAAABmJLR0QA/wD/AP+gvaeTAAAC5ElEQVRoge2YzatVZRTGfysUJD/Lr0QoQ7IGdyAIkoIDcRLoRHDguCAaWf9CGIT/gCANmtXgRqk4CPEDPzBJQRG/QC83b0nSGakhGFd/Ds46eKRzzzmevfdtJ/uZ7L3Xu87zrGe/77v32gca1AvRb1C1It0jwK6IeFwW4WtlEb0kdgA/qfNmRc1EFZyJk+qCMvn7ilbBqd7L4wl1fpkaM4pWwam+r/6e52fVRWXq9BStilNdo05k6KK6tEytnqJVcapvq7cyfEldVqZeT9GqONW31Gs5dF1dVabmrBnJ+Er1Sg7fVFdXLloVp/qmeiFTJtV3KxetilNdop7PtDvq2spFq+JUF6vnMnVKfa9y0ao41fnq8Uy/p471yx+qaYyIvnkvgwI35q+IWDnT4P/JSN865oxKOipGuSnDmP+v2vjS0RipGxojdUOhp5b6BbAZOBARxzN2AHgD+Dwi/lS/BNbkTyaBbyLiru2vwm2Zey4ibhWpZVChg/qinzNlf16v8Dk2ZKylPlGvqk/V37IF+aor9x91+6h1QPGl1fmi25zHTV1jS7rOH0TEGLAfeAf4CPg2zz8F5gIfFymk6AtxKdACxtSFtI20gOW8aKSDyTzOi4gJAHUqY1M98svBEEvrvjqeaVvVo+oPef1J5rTUh+pO9bb6uNOaq4fVafVXdfGodUCBpaXOBRYCl4H7wEZgPXAmU7pnZAHwI7AM+KwzG8BV2rO0Adg9ai3DFDvjnbD9na26Rz2m/pKben3G92ZeS32gfqD+aynnxn+k/jFKHR0U2eydjf4QOA18CFwB7mS8e0aeRMTNiJjuKq7TPAYgAzrxQSiy2TtG/qZtBOAUbWPQe7N346DtP+XWAa8DXxeopZCRR8A4MAHcAPYB4xExrX5He3YADtN75s8DW4CzwCHg+wK19Mcwa3M2MBsvxNqgMVI3NEbqhsZI3dAYqRsaI3XDK2NkqO63Do3jILwyM9KgbngGFknacqyldx4AAAAASUVORK5CYII=', '<svg xmlns=\"http://www.w3.org/2000/svg\" xmlns:xlink=\"http://www.w3.org/1999/xlink\" version=\"1.1\" width=\"25\" height=\"25\" viewBox=\"0 0 256 256\" xml:space=\"preserve\">\r\n<desc>Created with Fabric.js 1.7.22</desc>\r\n<defs>\r\n</defs>\r\n<g transform=\"translate(128 128) scale(0.72 0.72)\" style=\"\">\r\n	<g style=\"stroke: none; stroke-width: 0; stroke-dasharray: none; stroke-linecap: butt; stroke-linejoin: miter; stroke-miterlimit: 10; fill: none; fill-rule: nonzero; opacity: 1;\" transform=\"translate(-175.05 -175.05) scale(3.89 3.89)\" >\r\n	<path d=\"M 80.163 0 H 9.837 C 4.404 0 0 4.404 0 9.837 v 70.325 C 0 85.596 4.404 90 9.837 90 h 70.325 C 85.596 90 90 85.596 90 80.163 V 9.837 C 90 4.404 85.596 0 80.163 0 z M 59.578 45.15 c -0.128 0.609 -0.618 1.076 -1.232 1.173 c -0.079 0.013 -0.158 0.019 -0.235 0.019 c -0.531 0 -1.03 -0.282 -1.301 -0.752 c -1.969 -3.427 -4.074 -5.511 -6.37 -6.298 v 21.928 h -0.001 c 0.011 4.291 -3.949 8.147 -9.251 8.808 c -0.527 0.065 -1.048 0.098 -1.562 0.098 c -4.991 0 -9.202 -3.009 -9.724 -7.195 c -0.288 -2.306 0.557 -4.589 2.379 -6.43 c 1.727 -1.745 4.148 -2.889 6.819 -3.222 c 2.299 -0.286 4.497 0.081 6.34 0.919 V 37.537 v -0.75 V 21.375 c 0 -0.829 0.672 -1.5 1.5 -1.5 s 1.5 0.671 1.5 1.5 c 0 4.336 2.222 5.82 5.034 7.699 C 57.178 31.549 61.787 34.628 59.578 45.15 z\" style=\"stroke: none; stroke-width: 1; stroke-dasharray: none; stroke-linecap: butt; stroke-linejoin: miter; stroke-miterlimit: 10; fill: rgb(255,255,255); fill-rule: nonzero; opacity: 1;\" transform=\" matrix(1 0 0 1 0 0) \" stroke-linecap=\"round\" />\r\n</g>\r\n</g>\r\n</svg>');
INSERT INTO `file_type` (`id`, `ext`, `type`, `icon_filled`, `icon_thin`, `icon_svg`) VALUES
(28, 'aac', 'audio', 'data:image/png;base64,iVBORw0KGgoAAAANSUhEUgAAADIAAAAyCAYAAAAeP4ixAAAABmJLR0QA/wD/AP+gvaeTAAAC5ElEQVRoge2YzatVZRTGfysUJD/Lr0QoQ7IGdyAIkoIDcRLoRHDguCAaWf9CGIT/gCANmtXgRqk4CPEDPzBJQRG/QC83b0nSGakhGFd/Ds46eKRzzzmevfdtJ/uZ7L3Xu87zrGe/77v32gca1AvRb1C1It0jwK6IeFwW4WtlEb0kdgA/qfNmRc1EFZyJk+qCMvn7ilbBqd7L4wl1fpkaM4pWwam+r/6e52fVRWXq9BStilNdo05k6KK6tEytnqJVcapvq7cyfEldVqZeT9GqONW31Gs5dF1dVabmrBnJ+Er1Sg7fVFdXLloVp/qmeiFTJtV3KxetilNdop7PtDvq2spFq+JUF6vnMnVKfa9y0ao41fnq8Uy/p471yx+qaYyIvnkvgwI35q+IWDnT4P/JSN865oxKOipGuSnDmP+v2vjS0RipGxojdUOhp5b6BbAZOBARxzN2AHgD+Dwi/lS/BNbkTyaBbyLiru2vwm2Zey4ibhWpZVChg/qinzNlf16v8Dk2ZKylPlGvqk/V37IF+aor9x91+6h1QPGl1fmi25zHTV1jS7rOH0TEGLAfeAf4CPg2zz8F5gIfFymk6AtxKdACxtSFtI20gOW8aKSDyTzOi4gJAHUqY1M98svBEEvrvjqeaVvVo+oPef1J5rTUh+pO9bb6uNOaq4fVafVXdfGodUCBpaXOBRYCl4H7wEZgPXAmU7pnZAHwI7AM+KwzG8BV2rO0Adg9ai3DFDvjnbD9na26Rz2m/pKben3G92ZeS32gfqD+aynnxn+k/jFKHR0U2eydjf4QOA18CFwB7mS8e0aeRMTNiJjuKq7TPAYgAzrxQSiy2TtG/qZtBOAUbWPQe7N346DtP+XWAa8DXxeopZCRR8A4MAHcAPYB4xExrX5He3YADtN75s8DW4CzwCHg+wK19Mcwa3M2MBsvxNqgMVI3NEbqhsZI3dAYqRsaI3XDK2NkqO63Do3jILwyM9KgbngGFknacqyldx4AAAAASUVORK5CYII=', 'data:image/png;base64,iVBORw0KGgoAAAANSUhEUgAAADIAAAAyCAYAAAAeP4ixAAAABmJLR0QA/wD/AP+gvaeTAAAC5ElEQVRoge2YzatVZRTGfysUJD/Lr0QoQ7IGdyAIkoIDcRLoRHDguCAaWf9CGIT/gCANmtXgRqk4CPEDPzBJQRG/QC83b0nSGakhGFd/Ds46eKRzzzmevfdtJ/uZ7L3Xu87zrGe/77v32gca1AvRb1C1It0jwK6IeFwW4WtlEb0kdgA/qfNmRc1EFZyJk+qCMvn7ilbBqd7L4wl1fpkaM4pWwam+r/6e52fVRWXq9BStilNdo05k6KK6tEytnqJVcapvq7cyfEldVqZeT9GqONW31Gs5dF1dVabmrBnJ+Er1Sg7fVFdXLloVp/qmeiFTJtV3KxetilNdop7PtDvq2spFq+JUF6vnMnVKfa9y0ao41fnq8Uy/p471yx+qaYyIvnkvgwI35q+IWDnT4P/JSN865oxKOipGuSnDmP+v2vjS0RipGxojdUOhp5b6BbAZOBARxzN2AHgD+Dwi/lS/BNbkTyaBbyLiru2vwm2Zey4ibhWpZVChg/qinzNlf16v8Dk2ZKylPlGvqk/V37IF+aor9x91+6h1QPGl1fmi25zHTV1jS7rOH0TEGLAfeAf4CPg2zz8F5gIfFymk6AtxKdACxtSFtI20gOW8aKSDyTzOi4gJAHUqY1M98svBEEvrvjqeaVvVo+oPef1J5rTUh+pO9bb6uNOaq4fVafVXdfGodUCBpaXOBRYCl4H7wEZgPXAmU7pnZAHwI7AM+KwzG8BV2rO0Adg9ai3DFDvjnbD9na26Rz2m/pKben3G92ZeS32gfqD+aynnxn+k/jFKHR0U2eydjf4QOA18CFwB7mS8e0aeRMTNiJjuKq7TPAYgAzrxQSiy2TtG/qZtBOAUbWPQe7N346DtP+XWAa8DXxeopZCRR8A4MAHcAPYB4xExrX5He3YADtN75s8DW4CzwCHg+wK19Mcwa3M2MBsvxNqgMVI3NEbqhsZI3dAYqRsaI3XDK2NkqO63Do3jILwyM9KgbngGFknacqyldx4AAAAASUVORK5CYII=', '<svg xmlns=\"http://www.w3.org/2000/svg\" xmlns:xlink=\"http://www.w3.org/1999/xlink\" version=\"1.1\" width=\"25\" height=\"25\" viewBox=\"0 0 256 256\" xml:space=\"preserve\">\r\n<desc>Created with Fabric.js 1.7.22</desc>\r\n<defs>\r\n</defs>\r\n<g transform=\"translate(128 128) scale(0.72 0.72)\" style=\"\">\r\n	<g style=\"stroke: none; stroke-width: 0; stroke-dasharray: none; stroke-linecap: butt; stroke-linejoin: miter; stroke-miterlimit: 10; fill: none; fill-rule: nonzero; opacity: 1;\" transform=\"translate(-175.05 -175.05) scale(3.89 3.89)\" >\r\n	<path d=\"M 80.163 0 H 9.837 C 4.404 0 0 4.404 0 9.837 v 70.325 C 0 85.596 4.404 90 9.837 90 h 70.325 C 85.596 90 90 85.596 90 80.163 V 9.837 C 90 4.404 85.596 0 80.163 0 z M 59.578 45.15 c -0.128 0.609 -0.618 1.076 -1.232 1.173 c -0.079 0.013 -0.158 0.019 -0.235 0.019 c -0.531 0 -1.03 -0.282 -1.301 -0.752 c -1.969 -3.427 -4.074 -5.511 -6.37 -6.298 v 21.928 h -0.001 c 0.011 4.291 -3.949 8.147 -9.251 8.808 c -0.527 0.065 -1.048 0.098 -1.562 0.098 c -4.991 0 -9.202 -3.009 -9.724 -7.195 c -0.288 -2.306 0.557 -4.589 2.379 -6.43 c 1.727 -1.745 4.148 -2.889 6.819 -3.222 c 2.299 -0.286 4.497 0.081 6.34 0.919 V 37.537 v -0.75 V 21.375 c 0 -0.829 0.672 -1.5 1.5 -1.5 s 1.5 0.671 1.5 1.5 c 0 4.336 2.222 5.82 5.034 7.699 C 57.178 31.549 61.787 34.628 59.578 45.15 z\" style=\"stroke: none; stroke-width: 1; stroke-dasharray: none; stroke-linecap: butt; stroke-linejoin: miter; stroke-miterlimit: 10; fill: rgb(255,255,255); fill-rule: nonzero; opacity: 1;\" transform=\" matrix(1 0 0 1 0 0) \" stroke-linecap=\"round\" />\r\n</g>\r\n</g>\r\n</svg>'),
(29, 'doc', 'document', '', '', NULL),
(30, 'docx', 'document', '', '', NULL),
(31, 'xls', 'document', '', '', NULL),
(32, 'xlsx', 'document', '', '', NULL),
(33, 'odt', 'document', '', '', NULL),
(34, 'cpp', 'cpp', '', '', NULL),
(35, 'java', 'java', '', '', NULL),
(36, 'js', 'javascript', '', '', NULL),
(37, 'php', 'php', '', '', NULL),
(38, 'html', 'web', '', '', NULL),
(39, 'css', 'stylesheet', '', '', NULL),
(40, 'zip', 'compression', '', '', NULL),
(41, 'rar', 'compression', '', '', NULL),
(42, '7up', 'compression', '', '', NULL),
(43, 'exe', 'application', '', '', NULL),
(44, 'apk', 'application', '', '', NULL),
(45, 'ini', 'configuration', '', '', NULL),
(46, 'conf', 'configuration', '', '', NULL),
(47, 'log', 'log', '', '', NULL),
(48, 'dll', 'library', '', '', NULL),
(49, 'rtf', 'document', '', '', NULL),
(50, 'jar', 'java', '', '', NULL),
(51, 'sh', 'script', '', '', NULL);

-- --------------------------------------------------------

--
-- Structure de la table `hibernate_sequence`
--

DROP TABLE IF EXISTS `hibernate_sequence`;
CREATE TABLE IF NOT EXISTS `hibernate_sequence` (
  `next_val` bigint(20) DEFAULT NULL
) ENGINE=InnoDB DEFAULT CHARSET=latin1;

--
-- Déchargement des données de la table `hibernate_sequence`
--

INSERT INTO `hibernate_sequence` (`next_val`) VALUES
(152);

-- --------------------------------------------------------

--
-- Structure de la table `role`
--

DROP TABLE IF EXISTS `role`;
CREATE TABLE IF NOT EXISTS `role` (
  `id` bigint(20) NOT NULL,
  `description` varchar(255) DEFAULT NULL,
  `nom` varchar(255) DEFAULT NULL,
  PRIMARY KEY (`id`)
) ENGINE=InnoDB DEFAULT CHARSET=latin1;

--
-- Déchargement des données de la table `role`
--

INSERT INTO `role` (`id`, `description`, `nom`) VALUES
(1, 'All right user', 'ADMIN'),
(2, 'Full vip user', 'PREMIUM'),
(3, 'Lot of functionalities', 'SILVER'),
(4, 'some few functionalities', 'BASIC');

-- --------------------------------------------------------

--
-- Structure de la table `user`
--

DROP TABLE IF EXISTS `user`;
CREATE TABLE IF NOT EXISTS `user` (
  `id` bigint(20) NOT NULL,
  `available_disk_space` bigint(20) DEFAULT NULL,
  `email` varchar(255) DEFAULT NULL,
  `last_connection` date DEFAULT NULL,
  `password` varchar(255) DEFAULT NULL,
  `root_folder_name` varchar(255) DEFAULT NULL,
  `used_disk_space` bigint(20) DEFAULT NULL,
  `username` varchar(255) DEFAULT NULL,
  `role_id` bigint(20) DEFAULT NULL,
  PRIMARY KEY (`id`),
  KEY `FKn82ha3ccdebhokx3a8fgdqeyy` (`role_id`)
) ENGINE=InnoDB DEFAULT CHARSET=latin1;

--
-- Déchargement des données de la table `user`
--

INSERT INTO `user` (`id`, `available_disk_space`, `email`, `last_connection`, `password`, `root_folder_name`, `used_disk_space`, `username`, `role_id`) VALUES
(2, 100000, 'kiryukan07@hotmail.com', '2021-10-18', '$2a$10$BF4ZYyan9ohkNxc8ILYRYeXpkm.vG4CQEsYo3LV/fi8NIEXpvKubK', 'kiryukan-AU7kXvsx', NULL, 'kiryukan', 3),
(3, 100000, 'renjvw@gmail.com', '2021-10-18', '$2a$10$Bm56EtnxiftC/7HMx7qE4ubO1gNcmlhbwnzhEl9RCkfq8Wx9Yp7eW', 'renj-JQauKcvk', NULL, 'renj', 1),
(23, 100000, 'kiryukan08@hotmail.com', '2021-10-19', '$2a$10$oYvgjSabn6lJA5XZ8UprQuGa1mL6vQjs9U6z.mj1I4fHaiFKfujoy', 'kiryukan08-PfNQvGtJ', NULL, 'kiryukan08', 3);

--
-- Contraintes pour les tables déchargées
--

--
-- Contraintes pour la table `file`
--
ALTER TABLE `file`
  ADD CONSTRAINT `FK18vw33l2vo8qehu08txcm9mm1` FOREIGN KEY (`parent_folder_id`) REFERENCES `file` (`id`),
  ADD CONSTRAINT `FKinph5hu8ryc97hbs75ym9sm7t` FOREIGN KEY (`user_id`) REFERENCES `user` (`id`),
  ADD CONSTRAINT `FKxd239i29el9tkqnnvdgpeoeb` FOREIGN KEY (`file_type_id`) REFERENCES `file_type` (`id`);

--
-- Contraintes pour la table `user`
--
ALTER TABLE `user`
  ADD CONSTRAINT `FKn82ha3ccdebhokx3a8fgdqeyy` FOREIGN KEY (`role_id`) REFERENCES `role` (`id`);
COMMIT;

/*!40101 SET CHARACTER_SET_CLIENT=@OLD_CHARACTER_SET_CLIENT */;
/*!40101 SET CHARACTER_SET_RESULTS=@OLD_CHARACTER_SET_RESULTS */;
/*!40101 SET COLLATION_CONNECTION=@OLD_COLLATION_CONNECTION */;
